Lateness1,Lateness2,Lateness3,Lateness4
0.128,0.887,0.579,0.658
0.465,0.723,0.611,0.278
0.425,0.656,0.797,0.541
0.317,0,0,0.468
0.153,0.268,0.462,0.694
0.305,0.256,0.281,0.668
0.165,0.298,0.48,0.63
0.911,0,0.268,0.769
0.162,0.515,0.734,0.685
0.076,0.317,0.157,0.685
0.679,0.377,0.589,0.685
0.259,0.303,0.215,0.579
0.577,0,0.395,0.395
0.409,0.75,0.215,0.579
0.49,0.357,0.749,0.395
0.646,0.375,0.2,0.443
0.195,0.36,0.71,0.221
0.192,0.114,0,0.915
0.199,0.653,0.157,0.459
0.673,0.317,0.522,0.519
0.195,0.832,0.268,0.394
0.183,0.099,0.195,0.718
0.463,0.664,0.172,0.807
0.172,0.803,0.441,0.968
0.098,0,0.482,0.912
0.395,0.634,0.668,0.886
0.092,0.501,0.412,0.897
0.655,0.253,0.066,0.801
0.432,0.373,0.157,0.725
0.095,0.522,0.553,0.735
0.357,0.413,0.859,0.916
0.183,0.157,0.593,0.916
0.22,0.523,0.815,0.664
0.056,0.639,0.34,0.863
0.903,0.195,0.326,0.589
0.086,0.763,0.852,0.646
0,0.215,0.749,0.539
0.192,0.153,0.195,0.665
0.092,0.761,0.22,0.465
0.646,0.502,0.305,0.432
0.352,0.317,0.411,0.195
0.318,0,0.463,0.352
0.709,0.669,0.785,0.195
0.268,0.318,0.518,0.281
0.402,0.646,0.326,0.157
0.268,0.569,0.215,0.195
0.393,0.497,0.559,0.317
0.242,0.709,0,0.066
0.709,0,0,0.066
0.767,0.29,0.709,0.497
0.685,0.027,0.711,0.29
0.352,0.386,0.838,0.215
0.153,0.734,0.195,0.231
0.942,0.326,0.36,0.467
0.464,0.281,0.195,0.215
0.502,0.631,0.086,0.38
0,0.441,0,0.539
0.233,0.901,0.368,0.192
0.749,0.631,0.579,0.128
0.305,0.879,0.231,0.231
0.192,0,0.412,0.152
0.134,0.37,0.395,0.176
0.667,0.362,0.183,0.192
0.465,0.395,0,0.152
0.256,0.352,0.341,0
0.281,0.903,0.597,0
0.812,0.269,0.51,0
0.63,0.727,0.357,0.53
0.321,0.401,0.416,0.396
0.057,0.05,0.317,0.702
0.063,0.094,0,0.658
0.204,0.06,0.099,0.978
0.543,0.099,0.127,0.951
0.418,0.051,0.609,0.946
0.734,0.055,0.328,0.946
0.625,0.275,0.03,0.872
0.058,0.038,0.009,0.948
0.021,0.58,0,0.036
0.239,0.094,1,0.604
0.62,0.024,0.902,0.007
0.364,0.903,0.108,0
0.574,0.195,0.738,0.956
0.107,0.458,0.303,0.68
0.011,0.835,0.082,0.975
0.108,0.03,0.638,0.042
0.309,0.047,0.873,0.127
0.208,0.98,0.91,0.48
0.835,0.965,0.515,0.432
0.966,0.036,0.734,0.394
0.661,0.697,0.995,0.116
0.243,0.016,0.094,0.027
0.445,0.548,0.699,0.213
0.319,0.016,0.839,0.316
0.528,0.027,0.897,0.568
0.581,0.44,0.377,0.085
0.484,0.958,0.607,0.632
0.381,0.036,0.127,0.016
0.395,0.209,0.962,0.549
0.065,0.289,0.055,0.055
0.431,0.267,0.946,0.706
0.627,0.279,0.019,0.198
0.908,0.431,1,0.491
0.135,0.055,0.857,0.339
0.082,0.627,0.901,0.03
0.368,0.526,0.544,0.227
0.909,0.483,0.55,0.374
0.519,0,0.016,0.538
0.103,0.931,0.657,0.539
0.218,0,0.037,0.97
0.272,0.108,0.331,0.513
0.946,0,0.92,1
0.038,0.038,0.697,0.501
0,0.211,0.537,0.699
1,0,1,0.385
0.558,0.643,0.055,0.366
0.549,0.126,0.903,0.47
0.525,0.021,0.376,0.699
0.97,0.137,0.089,1
0.628,0.692,0.691,0.429
0.086,0.524,1,0.959
0.393,0.19,0.685,0.769
0.071,0.101,0.57,0.213
0.587,0.049,0.177,0.165
0.797,0.143,0.628,0.499
0.065,0.458,0.97,0.938
0.049,0,0.088,0.554
0,0.05,0.021,0.213
0.672,0.338,0.71,0.129
0.729,0.381,0.42,0.556
0.714,0.556,0.489,1
0.516,0.649,0.406,1
0.447,0.285,0.671,0.107
0.119,0.044,0.966,0.524
0.079,0.078,0.078,0.037
0.489,0.065,0.614,0.175
0.11,0.14,0.028,0.125
0.5,0.042,0.302,0.097
0.14,0.097,0.091,0.48
0.088,0.114,0.059,0.064
0.021,0.078,0.11,0.6
0.163,0.075,0.122,0.544
1,0.021,0,0.963
0.222,0.058,0.253,0.965
0.963,0.12,0.037,0.735
0.058,0.075,0.032,0.29
0.57,0.059,0.048,0.23
0.303,0,0.088,0.767
0.078,0.013,0.156,0.99
0.963,0.033,0.075,0.854
0.128,0.078,0.11,0.514
0.119,0.094,0.514,0.073
0.125,0.119,0.075,0.576
0.078,0.073,0.096,0.436
0.073,0.122,0.529,0.629
0.094,0.076,0.468,0.572
0.658,0.156,0.641,0.698
0.071,0.088,0.25,0.557
0.114,0,0.752,0.748
0.122,0.021,0.257,0.719
0.131,0.055,0.347,0.743
0.697,0.083,0.073,1
0.075,0.059,0.14,0.954
1,0.126,0.021,0.95
0.075,0.254,0.077,0.965
0.837,0.058,0.63,0.988
0.037,0.14,0.094,0.604
0.875,0.043,0.347,0.439
0.077,0.377,0.163,0.432
0.049,0.026,0.078,0.967
0.984,0.076,0.071,0.967
0.517,0.037,0.042,0.967
0.042,0.094,0.088,0.934
0,0.058,0.054,1
0.107,0.058,0.14,0.981
0.363,0.066,0.078,0.15
0.132,0.101,0,0.947
0.078,0.021,0.077,0.764
1,0.125,0.449,1
0.474,0.073,0.173,1
0.485,0.122,0.548,0.981
0.926,0.083,0.711,1
0.72,0.101,0.088,0.447
0.73,0.384,0.633,0.456
0.11,0.374,0.174,1
0.085,0.094,0.471,0.612
0.122,0.078,0.48,0.5
0.855,0.078,0.614,0.769
0.363,0.042,0,0.631
0.11,0.078,0.09,1
0.11,0.137,0.071,0.74
0.129,0.083,0.358,0.674
0.974,0,0.83,0.565
0.82,0.05,0,0.376
0.143,0.043,0.078,0.522
0.101,0.043,0.697,0.815
0.954,0.178,0.062,0.413
0.071,0,0.096,0.533
0.958,0.11,0.11,1
0.161,0.014,0.094,0.357
0.035,0.411,0.052,0.032
0.052,0,0.973,0.594
0.925,0.972,0.024,0.945
0.022,0.012,0.04,0.066
0.066,0.037,0,0.88
0.04,0.04,0.04,0.324
0.022,0,0.449,0.967
0.052,0,0.022,0.052
0.035,0.171,0.367,0
0.018,0.372,0.03,0.032
0.044,0.857,0.495,0.032
0,1,1,0.21
0.058,0.453,0.357,0
0,1,0.018,0
0,0.054,0.187,0.826
0.052,0.022,0.244,0.094
0.058,0.018,0.022,0
0,0.537,0.859,0.014
0.013,0.141,0.193,0
0.04,0.052,0.843,0.014
1,0.366,0.088,0.021
0.073,0.014,0.591,0.948
0,0.125,0.013,0.734
0.036,0.013,0.052,0.951
0.035,0.917,0.946,0.951
0.022,0.953,0.721,0.058
0.936,0.893,0.028,0.949
0.899,0.088,0.698,0.953
0.04,0.711,0.099,0.088
0.119,0,0.087,0.948
0.058,0.044,0.052,0.185
0.012,0.173,0.707,0.948
0.542,0.133,0.96,0.953
0,0.05,0.476,0.942
0.024,0.024,0.912,0.476
0.91,0.378,0.958,0.538
0.958,0.046,0.304,0.857
0.03,0,0.021,0.986
0.032,0.058,0.01,1
0,0.022,0.947,0.847
0.035,0.872,0.066,0.558
0.912,0.707,0.052,0.912
0.04,0.032,0,1
0.05,0.035,0.473,1
0.026,0.018,0.066,0.279
0.983,0.937,0.875,0.911
0,0.028,0.258,0.857
0.133,0.862,0.726,0.046
0.088,0,0.018,0.637
0,0.958,0.133,0.843
0.05,0.018,0.018,0.037
0.893,0.713,0,0.725
0.022,0.022,0.322,0.328
0.01,0.192,0,0.796
0.677,0.028,0.037,0.436
0.037,0.035,0,0.018
0.862,0.687,0.942,0.382
0.028,0.072,0.951,0.013
0.04,0,0.058,0.392
0.672,0.097,0.026,0.796
0.052,0.811,0.035,0.589
0.088,0.035,0.42,0.296
0.912,0,0.054,0.484
0.56,0.058,0.781,0.73
0.052,0,0.949,0.399
0.302,0.916,0.946,0.034
0.032,0,0.481,0.385
0.448,0.059,0.487,0.029
0.149,0.448,0.164,0.359
0.059,0.032,0.089,0.464
0.28,0.014,0,0.534
0.244,0.047,0.613,0.429
0.12,0.559,0.224,0.501
0.195,0.165,0.086,0.572
0.359,0.058,0.31,0.732
0.366,0,0.457,0.685
0.28,0.209,0.356,0.501
0.348,0.249,0.359,0.728
0.224,0.124,0.078,0.543
0.28,0.373,0.296,0.446
0.451,0.07,0.032,0.39
0.461,0.074,0.373,0.773
0.055,0.196,0.506,0.606
0.494,0.078,0.013,0.773
0.405,0,0.092,0.547
0.228,0.013,0.576,0.812
0.188,0.06,0.486,0.444
0.494,0,0.078,0.474
0.498,0.263,0.104,0.541
0.621,0.31,0.584,0.621
0.572,0.044,0.029,0.453
0.272,0.059,0.104,0.775
0.027,0.595,0.582,0.871
0.722,0.027,0.456,0.845
0.839,0.174,0.635,0.626
0.063,0.465,0.074,0.849
0.465,0.092,0.437,0.929
0.336,0.02,0.089,0.718
0.508,0.448,0.196,0.621
0.262,0.59,0.541,0.689
0.686,0.582,0.06,0.7
0.548,0.027,0.626,0.588
0.979,0.06,0.554,0.588
0.588,0.28,0.427,0.576
0.104,0.149,0.02,0.641
0.827,0.029,0,0.849
0.743,0.058,0.149,0.427
0.06,0.356,0.397,0.849
0.404,0.448,0.28,0.373
0.427,0.013,0.448,0.563
0.588,0.576,0.063,0.344
0.181,0.029,0.249,0.458
0.174,0.59,0.414,0.16
0.118,0.119,0.076,0.116
0.554,0.173,0.074,0.231
0.373,0.059,0.422,0.231
0.541,0.489,0.588,0.078
0.059,0.045,0.359,0.671
0.595,0.074,0,0.465
0.083,0.074,0.448,0.448
0.427,0.059,0.499,0.465
0.356,0,0.174,0.448
0.524,0.514,0.105,0.448
0.39,0.027,0.588,0.359
0.377,0.59,0.487,0.521
0.154,0.076,0.465,0.49
0.448,0.369,0.471,0.377
0.201,0.359,0.078,0.28
0.53,0.041,0.098,0.118
0.593,0.078,0.548,0.228
0.541,0.084,0.118,0.174
0.54,0.063,0.359,0.702
0.548,0.531,0.23,0.06
0.138,0.044,0.318,0.06
0.126,0.088,0.361,0.659
0,0.091,0.35,0.863
0.021,0,0.34,0.946
0.088,0.053,0,0.61
0,0.088,0.964,0.965
0,0.068,0.591,0.988
0.088,0.082,0,0.917
0.091,0.055,0.481,0.96
0.065,0.028,0.69,0.954
0,0.917,0.917,0.96
0,0.007,0.964,0.954
0.126,0.058,0.317,0.956
0,0.021,0.028,0.662
0.978,0,0.021,0.95
0,0,0.757,0.954
0,0.021,0.984,0.968
0,0.049,0.317,0.6
0.036,0.105,0.346,0.988
0.101,0,0.315,0.988
0.095,0.134,0.964,0.984
0,0.045,0.361,0.894
0,0.13,0.964,0.979
0.021,0.088,0.214,0.894
0.091,0,0.645,0.979
0,0.093,0.304,0.979
0.028,0.121,0.021,0.979
0,0.126,0.568,0.979
0.934,0.088,0.378,0.982
0.081,0.133,0.205,0.982
0,0.068,0.432,0.979
0,0.036,0.554,0.979
0,0.074,0.453,0.989
0.021,0,0.956,0.986
0,0.032,0.803,0.454
0.014,0.095,0.365,0.134
0.077,0.091,0.383,0.51
0.043,0,0.892,0.507
0.093,0,0.417,0.616
0,0.036,0.606,0.532
0.068,0.082,0.946,0.525
0.021,0.117,0,0.585
0,0,0.212,0.442
0.074,0.044,0.921,0.766
0,0.101,0.288,0.643
0.036,0.373,0.899,0.572
0,0.043,0.701,0.844
0,0.073,0.659,0.536
0,0,0.346,0.683
0.086,0.086,0.632,0.67
0.091,0.082,0.211,0.769
0,0,0,0.504
0.388,0.037,0.369,0.775
0.091,0.058,0.484,0.675
0.007,0,0.509,0.796
0,0,0.184,0.657
0,0.021,0.393,0.623
0.055,0,0.686,0.604
0.038,0,0.848,0.809
0.049,0.036,0.302,0.609
0.133,0,0.734,0.657
0.088,0.074,0.882,0.565
0,0.073,0,0.657
0,0,0.317,0.621
0.133,0.13,0.651,0.663
0.036,0.098,0.435,0.607
0.134,0,0,0.757
0,0.021,0.503,0.663
0.021,0.101,0.374,0.824
0.037,0.278,0.252,0.015
0.219,0.33,0.064,0.886
0.175,0.697,0.608,0.464
0.742,0.235,0.27,0.332
0,0.062,0.277,0.093
0.051,0.243,0.417,0
0.26,0,0.301,0.355
0.65,0.277,0.179,0.314
0.303,0.301,0.195,0.181
0.211,0,0.241,0.344
0.015,0.02,0.449,0.386
0,0.038,0.314,0.63
0.213,0.301,0.177,0.557
0.227,0.25,0,0.479
0,0,0.166,0.516
0.24,0.015,0.159,0.491
0.534,0.181,0.464,0.346
0,0.204,0.038,0.777
0.151,0.015,0,0.418
0.244,0.269,0.377,0.981
0.637,0.571,0.937,0.75
0.302,0.086,0.32,0.54
0.317,0.3,0.318,0.525
0.298,0.09,0,0.179
0,0,0.18,0.448
0.243,0.732,0.647,0.677
0,0.382,0,0.649
0.561,0.038,0.518,0.574
0.247,0,0.464,0.664
0.177,0.301,0.213,0.334
0.969,0,0.15,0.677
0.763,0.232,0.258,0.922
0.015,0.038,0.284,0.329
0.464,0.335,0.02,0.46
0.038,0.038,0.139,0.37
0,0.015,0.015,0.347
0.135,0.291,0.015,0.301
0.293,0.52,0.672,0.301
0.015,0.479,0.25,0.301
0.288,0.125,0.559,0
0.038,0.243,0.413,0
0.971,0.015,0.305,0
0.3,0.166,0.177,0
0.277,0.135,0.868,1
0,0.174,0,0.053
0.278,0.698,0.302,0.241
0.282,0.257,0.135,0.288
0.151,0,0.02,0.291
0.25,0.204,0.089,0.175
0.792,0.148,0.939,0.222
0.038,0.348,0.209,0.219
0.3,0.245,0.603,0.488
0.065,0.274,0,0.192
0,0.054,0.479,0.198
0.845,0.093,0.181,0.142
0.448,0.015,0.477,0.032
0,0.301,0.735,0.074
0.213,0.015,0.257,0.336
0.022,0,0.164,0.481
0.349,0.177,0.362,0.236
0.479,0.183,0.288,0.032
0,0.02,0.345,0.174
0.161,0.551,0.904,0.199
0.301,0.219,0.278,0.615
0.082,0.015,0.745,0.281
0.301,0,0.319,0.55
0.195,0.308,0.404,0.585
0.187,0.983,0.629,0.86
0.16,0.56,0.275,0.858
0.277,0.42,0.329,0.868
1,0,0.569,0.895
0.154,0.226,0.017,0.886
0.244,0.153,0.906,0.874
0.989,0.395,0.845,0.658
0.229,0.145,0.351,1
0.637,0.529,0.072,0.45
0.273,0.6,0.641,0.938
0.081,0.096,0.816,0.878
0.32,0.42,0.798,0.886
0.019,0.416,0.918,0.899
0.164,0.353,0.814,0.868
0.174,0.288,0.456,0.906
0.509,0.438,0.299,0.561
0.802,0.802,0.563,0.567
0.877,0.242,0.354,0.675
0.157,0.934,0.408,0.599
0.984,1,0.434,0.78
0,0.358,0.561,0.549
0.229,0.215,0.525,0.689
0.811,0.592,0.816,0.772
0,0.441,0.984,0.908
0.275,0.37,0.597,0.444
0.799,0.245,0.267,0.291
0.269,0.831,0.967,0.615
0.26,0.276,0.562,0.816
1,0.51,0.261,0.82
0,0.153,0.271,0.945
0,0.426,0.773,0.877
0.343,0.239,0.079,0.391
0.858,0.619,0.09,0.348
0.786,0.476,0.613,0.494
0.081,0.212,0.81,0.984
0.499,0.391,0.908,0.262
0.145,0.195,0.491,1
0.811,0.679,0.99,0.483
0,0.624,0.497,0.594
0.215,0.394,0.425,0.487
0.699,0.615,0.493,0.531
1,0.476,0.198,1
0.096,0.958,0.344,0.984
0.053,0.19,0.271,1
0.275,0.096,1,0.853
0.69,0.269,0.33,1
1,0.186,0.514,0.97
0,0.207,0.615,0.298
0.414,0.37,0.816,0.716
0.019,0.481,0.53,1
0,0.331,0.97,0.164
0,0.079,1,0.982
0,0.245,0.788,0.655
0.219,0.334,0.231,1
0.598,0.182,0.252,0.203
0.895,0.157,0.634,0.792
0.784,0.525,0.967,0.418
0.153,0.247,0.164,0.248
0.012,0.205,0.861,0.174
0.207,0.515,0.886,0.982
0.881,0.225,0.652,0.939
0.229,0.454,0.643,0.982
0.168,0.165,0.537,1
0.945,0.34,0.513,0.425
0.921,0.501,0.358,0.989
0.916,0.357,0.953,0.983
0.432,0.542,0.06,0.983
0.609,0.053,0,0.619
0.574,0.029,0.563,0.765
0.154,0.901,0.534,0
0.348,0.93,0.006,0.363
0.307,0.974,0.918,0.433
0.636,0.735,0.688,0.316
0.902,0,0,0.908
0.845,0.994,0.037,0.732
0.943,0.891,0.419,0
0.018,0.922,0.976,0
0,0.19,0,0.983
0.029,0.967,0.402,0.989
0.689,0.478,0.972,0
0.409,0.689,0.611,0.534
0.372,0.95,0.987,0.922
0.433,0,0.542,0.974
0.348,0.654,0.901,0.974
0.877,0.457,0.983,0.029
0.44,0.937,0.057,0.022
0.459,0.029,0.712,0.717
0.988,0.08,0.922,0.967
0.402,0.577,0.967,0.893
0.014,0.65,0.941,0.97
0.09,0.425,0.21,0.861
0.138,0.624,0.831,0.967
0.51,0.552,0.817,0.044
0.902,0.967,0.4,0.743
0.405,0.886,0.967,0.986
0.828,0.625,0.634,0.986
0.937,0.364,1,0.697
0.967,0.495,0.354,0.87
0.034,0.053,0.56,0.504
0.397,0.419,0.989,0.1
0.766,0.514,0.556,1
0.51,0.778,0.021,0.093
0.969,0.117,0.389,0.797
0.877,0.107,0.969,0.902
0.95,0.556,0.41,0.49
0.191,0.831,0,0.916
0.717,0.128,0.882,0.015
0.466,0.595,0,0.933
0.874,0.037,0.93,0.831
0.189,0.169,0.037,0.391
0.184,0.184,0,0.916
0.969,0.809,0.969,0.059
0.901,0.462,0.916,0.831
0.974,0.916,0.568,0.874
0.377,0.906,0.994,0.928
0.155,0.782,0.967,0.857
0.922,0.348,0.988,0.925
0.967,0.75,0.191,0.389
0.625,0.472,0.716,0.676
0.293,1,0.969,0.886
0.482,0.889,0,0.768
0.634,0.185,0.989,0.115
0.983,0.427,0.968,0.115
0.021,1,0.107,0.12
0.377,0.845,0.615,0.937
0.574,0.029,0.921,0.036
0,0.982,0.757,0.093
0.348,0.953,0.902,0.925
0.063,0.49,0.967,0.018
0.983,1,0.615,0.011
0.793,0.888,0.448,0
0.035,0,0.068,0.986
0.086,0.031,0.129,0.992
0.074,0.149,0.644,0.979
0.31,0.022,0.664,0.993
0.047,0.049,0.072,0.979
0.022,0.059,0.709,0.028
0.063,0.086,0.185,0.979
0.04,0.493,0.082,0.624
0.022,0.182,0.633,0.517
0.074,0.555,0.67,0.994
0.099,0.395,0.439,0.981
0,0.963,0.079,0.952
0.027,0.42,0.963,0.091
0.076,0.078,0.047,0.886
0.083,0.648,0.481,0.587
0.075,0.075,0.381,0.933
0.021,0.077,0.79,0.963
0,0.918,0.886,0.966
0.047,0,0.145,0.471
0,0.022,0.032,0.714
0.059,0.978,0.9,0.964
0.086,0.027,0.028,0.97
0.027,0.075,0.684,0.972
0,0.098,0.049,0.713
0.02,0.062,1,0.964
0.079,0.934,0.986,0.963
0.086,0.047,0.588,0.982
0.086,0.022,0.047,0.987
0.047,0.039,1,0.059
0.996,0.08,0.085,0.743
0.965,0.966,0.976,0.963
0.066,0.017,0.227,0.964
0.046,0.979,0.91,0.526
0,0.082,0.926,0.139
0.325,0.903,0.902,1
0.044,0.047,0.491,0.66
0.043,0.468,0.28,0.764
0.045,0.964,0.051,0.912
0.037,0.032,0.346,1
0.032,0.047,0.886,0.667
0.022,0.981,0.271,0.659
0.977,0.97,0.037,0.743
0,0.182,0.189,0.353
0.079,0.963,0.981,0.601
0.047,0.047,0.666,0.449
0.037,0.4,0.949,1
0.047,0.353,0.078,0.165
0.074,0.74,0.398,0.383
0.014,0.149,0.149,0.915
0.074,0.045,0.1,0.896
0,0.191,0.046,0.835
0.045,0.136,0.986,0.519
0.041,0.032,0.047,0.534
0.051,0.085,0.324,0.821
0.979,0.108,0.593,1
0.035,0.755,0.142,0.325
0.022,0.045,0.068,0.551
0.079,0.041,0.219,1
0.047,0.074,0.059,1
0.965,0.157,0.804,0.047
0.594,0.046,0.624,0.4
0.1,0.047,0.562,0.941
0.083,0.483,0.979,1
0.81,0.425,0.188,0.986
0.964,0.2,0.059,1
0,0.086,0.091,0.979
0.456,0.618,0.886,0.878
0.309,0.872,0.453,0.467
0.695,0.115,0.903,0.876
0.894,0.603,0.224,0.711
0.54,0.617,0.233,0.783
0.324,0.744,0.933,0.847
0.725,0.933,0.522,0.876
0.704,0.783,0.721,0.883
0.632,0.876,0.612,0.798
0.766,0.161,0.144,0.881
0.797,0.888,0.138,0.431
0.95,0.542,0.589,0.907
0.921,0.553,0.977,0.606
0.943,0.726,0.161,0.928
0.873,0.467,0.513,0.612
0.877,0.308,0.719,0.933
0.067,0.249,0.3,0.921
0.467,0.178,0.969,0.945
0.56,0.725,0.378,0.624
0.394,0.153,0.316,0.628
0.555,0.84,0,0.343
0.089,0.58,0.83,0.324
0.481,0.138,0.899,0.574
0.829,0.792,0.324,0.81
0.863,0.472,0.943,0.76
0.756,0.981,0.11,0.431
0.48,0.863,0.726,0.676
0.11,0.314,0.783,0.508
0.888,0.713,0.876,0.886
0.746,0.756,0.682,0.744
0.114,0.854,0.556,0.914
0.981,0.53,0.649,0.729
0.876,0.797,0.746,0.888
0.713,0.514,0.618,0.873
0.138,0.531,0.907,0.533
0.28,0.114,0.711,0.899
0.744,0.12,0.188,0.277
0.375,0.921,0.311,0.891
0.876,0.199,0.863,0.56
0.869,0.579,0.375,0.705
0.508,0.536,0.854,0.546
0.797,0.25,0.917,0.25
0.797,0.797,0.546,0.796
0.934,1,0.25,0.323
0.664,0.484,0.876,0.747
0.703,0.049,0.277,0.604
0.701,0.067,0.928,0.487
0.783,0.592,0.233,0.853
0.635,0.731,0.11,0.943
0.969,0.943,0.309,0.828
0.308,0.205,0.579,0.816
0.928,1,0.606,0.775
0.755,0.315,0.775,0.41
0.543,0.688,0.888,0.495
0.794,0.794,0.059,0.233
0.688,0.474,0.714,0.144
0.653,0.121,0.314,0.188
0.219,0.42,0.089,0.11
0.57,0.422,0.798,0.161
0.921,0.911,0.515,0.35
0.879,0.729,0.266,0.624
0.911,0.888,0.294,0.531
1,0.577,0.783,1
0.797,0.855,0.16,0.472
0.153,0.25,0.467,0.767
0.671,0.808,0.508,0.472
0.72,0.324,0.51,0.741
0.682,0.797,0.192,0.089
0.833,0.758,0.394,0.629
0.939,1,0.878,0.939
0.653,0.104,0.653,0.939
0.653,0.878,0.058,0.939
0.939,0.939,0.939,1
0.939,0.96,0.106,1
0.653,0.878,0.939,1
0.653,0.939,0.939,1
0.885,0.939,0.878,1
0.421,0.96,0.037,1
0.96,1,0.653,1
0.106,0.106,0.653,1
0.106,1,0.939,1
0.939,0.939,0.653,1
1,0.106,1,1
0.037,0.939,1,1
1,0.939,0.037,1
0.878,0.96,0.939,0.421
0.939,0.939,1,0.878
0.939,1,0.653,0.878
1,0.421,0.653,0.878
0.878,0.878,0.939,0.878
0.891,0.885,1,0.878
0.673,0.878,0.653,0.939
0.882,0.939,0.939,0.939
0.653,0.106,0.106,0.939
0.939,0.653,0.106,0.939
1,0.058,1,0.939
1,0.939,1,0.939
0.058,1,0.106,0.939
0.939,1,0.939,0.939
0.106,0.653,0.058,0.939
1,1,0.923,0.939
0.037,0.939,0.058,0.106
0.673,0.997,1,0.106
0.037,1,1,0.106
1,0.093,0.939,0.106
0.058,0.939,0.673,0.106
0.939,0.653,0.058,0.106
1,0.939,0.96,0.106
0.939,0.106,0.939,0.082
0.058,0.939,1,0.058
0.543,1,1,0.058
0.939,0.653,1,0.058
0.037,1,0.939,0.037
1,1,0.839,0.037
0.093,0.653,0.939,0.093
0.653,0.939,0.106,1
0.037,1,0.082,1
0.878,0.878,0.96,0.093
0.939,0.106,0.106,0.019
1,0.037,0.878,0.653
0.939,1,1,0.653
1,1,0.885,0.653
0.939,1,0.653,0.653
0.839,0.093,1,0.653
1,0.939,0.939,0.653
0.939,0.106,0.093,0.653
0.106,0.885,0.939,0.653
0.939,0.653,0.878,0.653
0.653,0.939,1,0.673
0.939,0.106,0.653,0.839
0.939,0.106,1,0.845
0.653,1,1,0.885
1,0.939,0.106,0.923
0.205,1,0.093,0.997
0.939,0.939,0.093,1
0.087,0.174,0.06,0.038
0.27,0.074,0.074,0.572
0.385,0.218,0.055,0.061
0.033,0.066,0.046,0.839
0.686,0.439,0.061,0.715
0.182,0.11,0.408,0.465
0.46,0.291,0.089,0.046
0.036,0.036,0.022,0.731
0,0.041,0.055,0.597
0.945,0.049,0.218,0.762
0.046,0,0.813,0.742
0.067,0.033,0.049,0.046
0.291,0.049,0.842,0.562
0.212,0.218,0.312,0.664
0.038,0.036,0.429,0.1
0.896,0.036,0.247,0.476
0.077,0.234,0.038,0.813
0.046,0.067,0.722,0.695
0.484,0.385,0.087,0.804
0.534,0.077,0.175,0.946
0.193,0.033,0.074,0.749
0.163,0.193,0.081,0.76
0.44,0.184,0.399,0.049
0,0.399,0,0.827
0.051,0.021,0.074,0.83
0.377,0.429,0.01,0.726
0.421,0.046,0.138,0.067
0.488,0.046,0.088,0.055
0.683,0.061,0.055,0.942
0.865,0.199,0.055,0.977
0.038,0.067,0.376,0.944
0.408,0.167,0.128,0.033
0.218,0.421,0.399,0.021
0.074,0.09,0.066,0.817
0.408,0.077,0.066,0.804
0.802,0.108,0.895,0.811
0.041,0.09,0.046,0.408
0.914,0.722,0.077,0.408
0.703,0.038,0.199,0.385
0.804,0.441,0.033,0.801
0.279,0.066,0.074,0.421
0.837,0.421,0.033,0.429
0.851,0.899,0.055,0.408
0.212,0.087,0.726,0.421
0.046,0.385,0.58,0.376
0.218,0.421,0.399,0.351
0.4,0.385,0.874,0.324
0.459,0.01,0.087,0.838
0.074,0.055,0.097,0.186
0.194,0.09,0.036,0.038
0.061,0.09,0.061,0.247
0.455,0.745,0.421,0.174
0.328,0.036,0.421,0.06
0.18,0.399,0.193,0.026
0.557,0.108,0.184,0
0.184,0.089,0.033,0.165
0.408,0.421,0.128,0.375
0.361,0.055,0.247,0.074
0.891,0.061,0.038,0.391
0.207,0.074,0.036,0.2
0,0.061,0.218,0.118
0.161,0.399,0.408,0.219
0.63,0.074,0.85,0.167
0.923,0.055,0.355,0.982
0.138,0.184,0.046,0.72
0.199,0.066,0.118,0.764
0.066,0.157,0.83,0.392
0.108,0.041,0.067,0.174
0.32,0.53,0.249,0.796
0.469,0.146,0.008,0.733
0.008,0.478,0.008,0.636
0.317,0.147,0.432,0.289
0.258,0.108,0.414,0.527
0.138,0.344,0.523,0.527
0.029,0.045,0.482,0.53
0.269,0,0.672,0.558
0.303,0.298,0.008,0.848
0.103,0.025,0.637,0.768
0.269,0.428,0.429,0.857
0.096,0.462,0.008,0.871
0.722,0.407,0.431,0.802
0.037,0.5,0.008,0.844
0.252,0.008,0.53,0.555
0.281,0.006,0.562,0.429
0.008,0.006,0.4,0.726
0.006,0.527,0.008,0.59
0.325,0.142,0.416,0.511
0.008,0.006,0.375,0.533
0.037,0.029,0.008,0.5
0.297,0.008,0.61,0.444
0.18,0.389,0.5,0.488
0.261,0.403,0.566,0.608
0.245,0.102,0.309,0.587
0.317,0.078,0.679,0.523
0.245,0.478,0.495,0.544
0.008,0.478,0.488,0.487
0.037,0.509,0.499,0.478
0.003,0.04,0.747,0.65
0.269,0.008,0.558,0.65
0.245,0.007,0.136,0.693
0.4,0.43,0.466,0.772
0.045,0.008,0.503,0.707
0.315,0.705,0.008,0.935
0,0.02,0.311,0.008
0.008,0.382,0.43,0.008
0.003,0.008,0.072,0.008
0.003,0.008,0.796,0.008
0.261,0.497,0.344,0.008
0.422,0.5,0.444,0.008
0.037,0.008,0.493,0.008
0.22,0.555,0.448,0.008
0.037,0.179,0.007,0.008
0.18,0.525,0.668,0.105
0.04,0.644,0.55,0.115
0.043,0.313,0.641,0.118
0.307,0.4,0.499,0.263
0.139,0.434,0.008,0.281
0.04,0.146,0.271,0.19
0.008,0.403,0.664,0.356
0.008,0.348,0.122,0.279
0.008,0.118,0.53,0.582
0.008,0.434,0.272,0.566
0.317,0.375,0.078,0.645
0.008,0.025,0.4,0.534
0.059,0.459,0.772,0.629
0,0.008,0.312,0.462
0.141,0.029,0.008,0.414
0.171,0.525,0.882,0.463
0.403,0,0.582,0.279
0.162,0.407,0.139,0.311
0.274,0.008,0.008,0.356
0.317,0.381,0.008,0.389
0.008,0.448,0.008,0.375
0.372,0.396,0.376,0.413
0.044,0.375,0.282,0.272
0.245,0.298,0.215,0.319
0.635,0.752,0.477,0.626
0.622,0.733,0.142,0.766
0.626,0.626,0.463,0.579
0.626,0.043,0.117,0.766
0.117,0.579,0.038,0.907
0.043,0.131,0.581,1
0,0.116,0.626,0.766
0.127,0.579,0.673,0.673
0.117,0.05,0.259,0.766
0.571,0.127,0.436,0.766
0.463,0.269,0.673,0.86
0.05,0.416,0.507,0.766
0.579,0.26,0.411,0.673
0.093,0.047,0.907,0.72
0.018,0.123,0.766,0.673
0.584,0.766,0.601,0.673
0.324,0.121,0.788,0.766
0.533,0.548,0.461,0.571
0.258,0.106,0.11,0.635
0.673,0.416,0.37,0.732
0.766,0.038,0.404,0.862
0.65,0.145,0.71,0.787
0.766,0.517,0.217,0.753
0.591,0.753,0.673,0.753
0.058,0.71,0.817,0.882
0.579,0.404,0.86,0.903
0.056,0.72,0.731,0.774
0.367,0.689,0.416,0.712
0.13,0.283,0.637,0.819
0.817,0.154,0.726,0.791
0.416,0.766,0.427,0.663
0.731,0.387,0.766,0.527
0.533,0.501,0.501,0.551
0.047,0.673,0.294,0.684
0.796,0.09,0.331,0.437
0.626,0.673,0.634,0.513
0.907,0.673,0.392,0.556
0.117,0.183,0.346,0.803
0.579,0.463,0.673,0.357
0.018,0.766,0.11,0.625
0.047,0.549,0.375,0.878
0.034,0.369,0.232,0.444
0.579,0.63,0.621,0.581
0.594,0.142,0.325,0.787
0.126,0.228,0.367,0.719
0.062,0.298,0.766,0.682
0.279,0.309,0.189,0.444
0.573,0.117,0.492,0.384
0.463,0.635,0.579,0.467
0.103,0.533,0.753,0.477
0.396,0.05,0.673,0.054
0.018,0.766,0.038,0.396
0.418,0.533,0.333,0.269
0.626,0.028,0.766,0.584
0.089,0.485,0.505,0.317
0.466,0.114,0.408,0.373
0.227,0.212,0.774,0.451
0.935,0.71,0.581,0.592
0.183,0.056,0.626,0.461
0.327,0.129,0.635,0.615
0.013,0.21,0.235,0.364
0.808,0.21,0.289,0.615
0.579,0.142,0.411,0.407
0.161,0.367,0.626,0.473
0.047,0.416,0.579,0.919
0.024,0.018,0.223,0.561
0.008,0.455,0.316,0.521
0.034,0.194,0.473,0.362
0,0.211,0.923,0.268
0.193,0.157,0.028,0.487
0.172,0.218,0.017,0.697
0,0.039,0.391,0.287
0.381,0.152,0.816,0.365
0.19,0.223,0.852,0.351
0.328,0.311,0.896,0.632
0.086,0.031,0.779,0.282
0,0.294,0.539,0.416
0.806,0.086,0.385,0.322
0.068,0.24,0.086,0.311
0.495,0.461,0.337,0.824
0.563,0.314,0.17,0.906
0.337,0.893,0.244,0.793
0.103,0.176,0.264,0.858
0.12,0.272,0.876,0.708
0.292,0.294,0.185,0.735
0.327,0.248,0.181,0.8
0.163,0.103,0.232,0.207
0.867,0.265,0.537,0.942
0,0.316,0.706,0.73
0.469,0.17,0.294,0.293
0.176,0.461,0.795,0.552
0.297,0.24,0.48,0.176
0.197,0,0.288,0.772
0,0.27,0.344,0.817
0.299,0.144,0.878,0.859
0.017,0.266,0.179,0.758
0.918,0.203,0.368,0.69
0.722,0.412,0,0.969
0,0.444,0.046,0.935
0.145,0.017,0,0.961
0.984,0.316,0.631,0.968
0.086,0.455,0.294,0.617
0.456,0.115,0.744,0.628
0.576,0.609,0.961,1
0,0.359,0.496,0.99
0.011,0.444,0.536,0.703
0.464,0,0.509,0.595
0,0.643,0.697,0.622
0.705,0.149,0.303,0.307
0.326,0.393,0.616,0.399
0.031,0,0.201,0.039
0.266,0.42,0.454,0.12
0.12,0.187,0.103,0.278
0.505,0,0.407,0.264
0.294,0.35,0.1,0.329
0.012,0,0.195,0.065
0,0.039,0.706,0.439
0.394,0.277,0.51,0.301
0,0.697,0.532,0.945
0.244,0.782,0.202,0.753
0.057,0.503,0,0.42
0,0.137,0.236,0.568
0,0.315,0.438,0.593
0,0.12,0.677,0.12
0.181,0.302,0.4,0.325
0,0.294,0.457,0.065
0.031,0.339,0.419,0
0.467,0.378,0.298,0.574
0.234,0.273,0.267,0.459
0.079,0.181,0.535,0.356
0.585,0,0.902,0.382
0.332,0.25,0.247,0.248
0.767,0,0.218,0.236
0.28,0.563,0.906,0.149
0.046,0.55,0.262,0.493
0.209,0.012,0.552,0.044
0,0.017,0,0.96
0.14,0.017,0.053,0
0.344,0.011,0.455,0.962
0.059,0.066,0.889,0.96
0.296,0.123,0.96,0.965
0.552,0.044,0.077,0.879
0.122,0,0.012,0.956
0.923,0.116,0.074,0.954
0.296,0,0.523,0.953
0.016,0.026,0.089,0.954
0.11,0.053,0.011,0.956
0.016,0.017,0,0.957
0.017,0.011,0.11,0.965
0.012,0.031,0.55,0.965
0.612,0.149,0.01,0.965
0.372,0.074,0.14,0.976
0.048,0.016,0.118,0.88
0.074,0,0.123,0.889
0.413,0.016,0.24,0.883
0.014,0.14,0.015,0.868
0.017,0.011,0.082,0.889
0.297,0.014,0.012,0.872
0.015,0.064,0,0.673
0.361,0,0.029,0.841
0,0,0.122,0.762
0.962,0.053,0.014,0.993
0,0.908,0.104,0.874
0.781,0.011,0.885,0.693
0,0.113,0.104,0
0.331,0.021,0.067,0.791
0.053,0.113,0.117,0.685
0,0.029,0.924,0.904
0.017,0.122,0.188,0.649
0.017,0,0.705,0.623
0.026,0.012,0.707,0.937
0.851,0.089,0.388,0.373
0,0.156,0.078,0.519
0.176,0.007,0.516,0.434
0,0.101,0,0.451
0.115,0.017,0.655,0.327
0.333,0,0.089,0.482
0.98,0.029,0.113,1
0.014,0,0.016,0.61
0.054,0.015,0,0.55
0.017,0.016,0.014,0.594
0.893,0,0,0.924
0.013,0,0.075,0.49
0.294,0.036,0.52,0.764
0.129,0.017,0.891,0.502
0.968,0.016,0.497,0.647
0.316,0.14,0.093,1
0.265,0.016,0,0.118
0.735,0.017,0.066,0.685
0.113,0.104,0.087,0.904
0.956,0,0,1
0.036,0.113,0.017,0.918
0.408,0,0.016,0.932
0.101,0,0,0.572
0.059,0.121,0.059,0.93
0.014,0.054,0.053,0.917
0.116,0.96,0.007,0.918
0.017,0,0,0.562
0,0,0.015,0.987
0.902,0.123,0.976,1
0.2,0.015,0.893,0.671
0.016,0.071,0.074,0.96
0,0.741,0.463,0.037
0.862,0.011,0.939,0.209
0.304,0.032,0.971,0.286
0,0.037,0.634,0.655
0.986,0.012,0.417,0.403
0.72,0.008,0.124,0.695
0.867,0.442,0.877,0.845
0.021,0.576,0.379,0.053
0.978,0.657,0.991,0.783
0.971,1,0.299,0.056
0.3,0.978,0.525,0.97
0.388,0.14,0.097,0.985
0.174,0.012,0.056,0.916
0.966,0.581,0.415,0.991
0.01,0.395,0.871,0.668
0.021,0.666,0.059,1
0.607,0.121,0.209,0.012
0.551,0.012,0.046,0.549
1,0.039,0.033,0.073
0,0.08,1,0
0.853,0.053,0.14,0.834
0.501,0.061,0,0.53
1,0.733,0,0.61
0.013,0.037,0.097,0.509
0,0.039,0.416,0.926
0.449,0.587,1,0.356
0,0.14,0.028,0.066
0.348,0.971,0.927,0.864
0.082,0.018,0.364,0.864
0.622,0.631,0.985,0.834
0.336,0.963,0.038,0.854
0.014,0.417,0.69,0.605
0.161,0.012,0.511,0.862
0.689,0.018,0.948,0.028
0.12,0.024,1,0.033
0.363,0.854,0.485,0.033
0.037,0.024,0.632,0.034
0,0.478,0.092,0.971
0.965,0.011,0.991,0.873
0.035,0.005,0.729,0.926
0.504,0.03,0.386,0.81
0.004,0.161,0.903,0.039
0.018,0.03,0.03,1
0.189,0.753,0.991,0.837
0.348,0.011,0.018,0.948
0,0.986,0.012,0.575
0.167,0.177,0.633,0.96
0.03,0.021,0.449,0.388
0.026,0.94,0.03,0.986
0.906,0.113,0.493,0.38
0.246,0.127,0.433,0.711
1,0.012,0.059,1
0.898,0.74,0.097,0.947
0.551,0.037,0.012,0.284
0.66,0.026,0.43,1
0.046,0.963,0.463,0.417
0.962,0.033,0.466,0.986
0,0.553,0.511,0.965
0.03,0.374,0.417,0.648
0.817,0.026,0.862,0.012
0,0.463,0.245,0.269
0.03,0.012,0.012,0.53
0.986,0,0.606,0.549
0.855,0,0.067,0.503
0.012,0.022,0.641,0.986
1,0.545,0.464,0.588
0.4,0.053,0,0.947
0.579,0.24,0.84,0.603
0.861,0.186,0.169,0.723
0.085,0.24,0.468,0.88
0.719,0.156,0.399,0.653
0.587,0.043,0.595,0.675
0.226,0.14,0.466,0.506
0.627,0.918,0.31,0.458
0.111,0,0.245,0.578
0.17,0.12,0.85,0.036
0.362,0.007,0.864,0.482
0.253,0,0.139,0.18
0.482,0.634,0.404,0.554
0.464,0.361,0.19,0.578
0.331,0.012,0.416,0.253
0.211,0.506,0.602,0.229
0.244,0.176,0.281,0.036
0.036,0.15,0.386,0.85
0.244,0.104,0.807,0.849
0.182,0.012,0.116,0.817
0.178,0.252,0.814,0.227
0.169,0.783,0.534,0.104
0.858,0.104,0.878,0.504
0.843,0.939,0.249,0.297
0.549,0.158,0,0.83
0.468,0.338,0.555,0.847
0.146,0.578,0.602,0.864
0.379,0.855,0.603,0.858
0.579,0.114,0.301,0.878
0.433,0.168,0.578,0.949
0.375,0.185,0.833,0.955
0.924,0.49,0.241,0.798
0.116,0.057,0.42,0.955
0.108,0.776,0.31,0.692
0.395,0.156,0.614,0.562
0.304,0.579,0.291,0.358
0.123,0.84,0.65,0.554
0.194,0.11,0.351,0.413
0.138,0.644,0.585,0.64
0.783,0.114,0.823,0.247
0.176,0.264,0.332,0.994
0.111,0.214,0.63,0.207
0.924,0.362,0.389,0.56
0.918,0.482,0.578,0.874
0.578,0.404,0.918,0.747
0.156,0.466,0.603,0.515
0.078,0.185,0.557,0.627
0.143,0.259,0.571,0.542
0.396,0.302,0.253,0.635
0.111,0.27,0.847,0.491
0.914,0.104,0.297,0.437
0.447,0.393,0.036,0.763
0.506,0.578,0.747,0.737
0.338,0.438,0.627,0.276
0.519,0.218,0.482,0.159
0.409,0.043,0.315,0.13
0.06,0.779,0.536,0.203
0.647,0.357,0.28,0.381
0.227,0.134,0.376,0.494
0.882,0.793,0.185,0.599
0.185,0.099,0.457,0.551
0.158,0.565,0.949,0.437
0.734,0.897,0.198,0.329
0.254,0.176,0.835,0.477
0.924,0.53,0.27,0.609
0.185,0.177,0.723,0.569
0.31,0.185,0.152,0.49
0.913,0.399,0.263,0
0.137,0.255,0,0
0.616,1,0.081,0.045
0.516,0.631,1,0
0.299,1,0.415,0.988
0.415,1,0.85,0.919
0.402,0.239,0.52,0.958
0.9,0.978,0.88,0.865
0.552,0.532,0.934,0.972
0.175,0.684,0,0.139
0.652,0.581,0,0.977
0.851,0.98,0.102,0.06
0.114,0.022,0.153,0.973
0.758,0.091,0.114,0.139
0.022,0.052,0.171,0.06
0.752,1,1,0.06
0.546,0.072,0.245,0.075
0.106,0.367,0.06,0.312
0.121,0.193,0.037,0.495
0.037,0.037,0.476,0.529
0.934,1,0,0.853
0.408,0.365,0.163,0.932
0.371,0.825,0.878,0.489
0.68,0.239,0,0.688
0.487,0.479,0.711,0.402
0.569,0.06,0.366,0.283
0.007,0.119,0.957,0.854
0.141,0.775,0.9,0.207
0.434,0.068,0.044,0.798
0.9,0.137,0.102,0.671
0.398,0.444,0.034,0.872
0.59,0.546,0,0.853
0.756,0.462,0.516,0.55
0.052,0.538,0.962,0.743
0.923,0.079,0.881,0.522
0.137,0.548,0.184,0.752
0.638,0.884,0.141,0.476
0.207,0.9,0.274,1
0.114,0.39,0.06,1
0.697,0.089,0.675,0.978
0.301,0.497,0.269,0.516
0.48,0.387,0.978,0.839
0.075,0.291,0.591,0.962
0.114,0.986,0.683,1
0.109,0.978,0.562,1
0.444,0.73,0.59,0.858
0.091,0.684,0.891,0.846
0.627,0.978,0.529,1
0.182,0.246,0.978,0.934
0.349,0.06,0.934,0.124
0.856,0.247,0.091,0.276
0.939,0.978,0.413,0.137
0.906,0.529,0.862,0.081
0.106,0.904,0.926,0.287
0.463,0.282,0.972,0.058
0.379,0,0.402,0.32
0,0.399,0.98,0.979
0.384,0.098,0.543,0.069
0.415,0.661,0.291,0.081
0.962,0.442,0.65,0.487
0.102,0.424,0.367,0.32
0.55,0.195,0.569,0.284
0.572,0.439,0.662,0.443
0.074,0.56,0.704,0.262
0.143,1,0.616,0.282
0.907,0.305,0.786,0.487
0.56,0.839,0.386,0.718
