LateBeforeNopre,CNVBeforeNopre,LateAfterNopre,CNVAfterNopre
2,-0.0006893256213516,1,0.0091281128115952
4,0.00963457126636058,1,-0.00015407643513754
3,0.000708443578332663,2,-0.00863328731308381
1,0.00628045445773751,2,0.0116521967574954
3,-0.00345778383780271,2,0.00949106893191735
2,-0.00322887445023904,1,-0.0019727754406631
2,-0.00122474097103501,4,-0.00673290311048428
2,0.00719450771187743,3,-0.00458273225619147
4,-0.0191311724483967,1,0.00482915450508396
4,0.00705413349593679,1,0.00840490777045488
1,-0.00301262852735817,3,0.0132941237340371
1,0.00224709087827553,2,-0.00669301922122637
4,-0.00728411059632587,4,0.00350836509217819
2,0.00769218460967143,4,-0.0119246144458884
2,-0.00490326217065255,2,0.000641863259564464
3,-0.00331121558944384,1,-0.0204127210502823
3,-0.0117906164377928,4,0.00234671774766563
1,0.00172177682300874,2,-0.00649886143704255
1,-0.000340571258372317,3,-0.0038546643142278
1,-0.00168001194833778,2,0.00303524715127423
1,-0.00958609705169996,4,0.00212305566916863
4,0.00746700136611859,2,-0.00985582467789451
3,-0.0118741889794668,1,-0.00730777710365752
3,-0.00761320488527417,4,0.00337688190241655
4,-0.00873276311904192,1,-0.00912763550877571
3,-0.00500980811193585,2,8.39787535369396e-05
3,-0.00906362500973046,3,-0.0131792798638344
3,0.0221648601194223,3,0.00249090433741609
1,-0.027416264017423,2,-0.000393339413373421
3,-0.010922328568995,2,-0.00323821379182239
1,0.0212350161746144,1,-0.00630544809003671
3,0.0134396180510521,4,0.0113106321853896
2,-0.00232380349189043,4,-0.0138671817258
3,-0.00304489806876518,3,-0.00158018603300055
3,0.00175968006563683,1,-0.00418364132444064
1,0.00102434858369331,3,0.00859643084307512
4,-0.00838145706802607,3,-0.00293480496232708
2,-0.0112081835201631,4,0.00155916949734092
2,-0.00235379592049867,3,-0.00832314044237137
2,0.00567738502286375,1,-0.0019221812641869
4,-0.00636563014510709,1,0.0202094359944264
2,-0.00199925665704844,2,-0.00101009019029637
2,0.00209814558426539,2,0.002234545070678
3,0.00962026934333456,1,-0.00349689461290836
3,0.000749018994004776,4,0.00121633786087235
4,0.000463366780119638,2,-0.00067060844351848
2,0.0158181289831797,4,0.0155676522602638
1,-0.00233376891507457,3,0.00147062237374485
1,0.00824956661866357,3,0.00585244161387285
3,-0.000568723296358561,1,0.00253364133338133
1,0.0062887646490708,1,0.0102122944469253
4,0.00442664129271482,4,0.0108766748259465
4,0.00874253300329049,4,-0.0208810952802499
2,-0.000175267457962036,3,-0.00158644836240758
2,-0.000538110267370939,2,0.00783234120657047
3,-6.24920746001105e-05,3,0.00335832188526789
2,-0.00142043048981577,2,-0.00153195951133966
3,-0.00227914603116612,4,-0.0128792362908522
3,-0.00502279020535449,1,0.00380852729237328
2,0.00900180265307426,2,-0.00102252735329481
2,-0.00651518348604441,3,0.00490803690627217
1,0.00842488432923953,4,-0.005434278321142
4,0.00655002535010378,3,0.00312954532758643
1,0.00177549543635299,3,-0.00278585528333982
1,0.000597440948088964,1,0.00141576048918068
4,0.00301303832869356,4,-0.00976777154331406
3,0.0128966731329759,2,0.0116349092374245
1,-0.0136818077104787,1,-0.00597116444259882
3,-0.0066022276696458,4,0.0125580015204226
1,-0.00195086933672428,4,-0.0159634668380022
2,-0.0201150067150593,2,0.00802937312982976
2,0.0100051077703635,1,0.0041475585118557
4,0.00494013509402672,3,0.00241101026767865
3,-0.00576670995603005,3,0.000459247409404876
4,-5.49642524371544e-05,1,0.00796117618059119
1,0.0030221597213919,1,-0.00528139962504307
3,-0.00184477105115851,2,0.000768109729203085
2,0.0119788311421871,1,0.0104373020197575
2,-0.00404401620229085,4,-0.0124708904574315
4,-0.00777156945938865,1,-0.0133766901368896
3,0.00424547896788378,1,0.00598778234173854
1,0.00564810330979526,4,-0.00516514666378498
3,0.000190458376891911,2,0.000193642529969414
4,-0.00407801370602101,3,-0.00619877563925305
4,-0.00408819449755053,2,-0.0066554358539482
3,-0.00163258829464515,4,0.000768532603008983
1,-0.00318529976842304,3,0.000204201855619128
4,0.000997459671149651,3,-0.00911889021517709
4,-0.00183403491973877,4,0.00731635256670415
1,0.0145457995434602,4,0.00551864985997478
1,-0.00543616851791739,1,0.00406318266565601
3,-0.0167762283235788,1,-0.00577976120014985
1,-0.00944327901136906,1,0.0107220954572161
1,0.000963060767389834,1,0.00385780683670115
3,-0.00811905382821957,2,0.0127482380097111
2,-0.00888126719898234,4,-0.00660422444343567
1,-0.0010526156402193,3,-0.00861456850543618
1,0.00409382573949794,3,-0.0160177331417799
2,-0.0154333716879288,3,0.00592555288070192
1,0.0016341555553178,4,0.00152895323117264
1,0.00927852854753534,3,0.00682999302322666
3,-0.00413003462987642,3,-0.00624220756193002
3,-0.0131996385753155,2,0.0162258831163247
1,0.00784268199155728,2,-0.0112250577658415
3,0.00610821989054481,3,-0.00259774624525259
3,0.0101022568220894,4,-0.000359315735598405
4,0.00258499865109722,3,-0.00763140991330147
3,-0.00132782175205648,2,0.00690081746627887
1,0.0103085171431303,3,0.00277185560359309
2,0.00779127236455679,2,-0.00519690297854443
1,0.00582670451452335,4,0.00100836856290698
4,0.00156401346127192,2,-0.00254134344868362
1,0.0089332244436567,1,0.00281645730137825
2,0.00540077282736699,1,0.00221261479115734
4,0.00251953823802372,4,-0.00716179287216316
2,-0.00362505166170498,2,-0.0033650918242832
4,0.00924952669690053,3,-0.000998156804901858
3,-0.022810373455286,2,0.00491578644141555
2,0.00141530204564333,3,-0.0157585460692644
2,0.000815416967573886,1,-0.00548180324646334
4,-0.000191032498454054,4,-0.00572410753617684
3,0.00729498942382634,2,-0.000646486538850392
3,-0.00341474268740664,4,0.008769107516855
3,0.00859009986743331,3,-0.00849479980145892
1,-0.00255533845969088,2,-0.0101058467601736
3,-0.00290476202887172,1,-0.00197391516606634
3,-0.0129662128165364,4,0.00191731719921033
2,-0.000879042083397508,4,0.00739932851865888
3,-0.00288339748901005,2,0.00474456429947168
3,0.00362358995092412,2,-0.0103151956573129
2,0.00930590927600861,1,-0.00382724334485829
1,-0.00667818387349447,4,-0.00122247483038033
4,-0.0114486826738964,4,0.000984486580515901
2,0.00102956131255875,4,0.00124690696247853
1,-0.00967642571777105,3,4.95735633497437e-05
4,0.00394935626536608,2,0.00328759748178224
4,-0.000212134250129263,1,-0.0135483018433054
4,0.00476218030477564,1,-0.00112540119638046
2,-0.00188134366180748,3,-0.00380097321855525
1,0.00591831010145446,2,0.00382294364195938
4,-0.00243617842594782,3,0.00971183173047999
2,-0.00595678668469191,4,-0.00921392183348265
1,0.00818727786342303,3,-0.00451807056864103
1,0.00416165310889482,2,-0.00296557834371924
2,0.00547441646146278,3,-0.0113686950256427
4,-0.0182453511903683,2,0.0108348097031315
4,-0.00454738111390422,4,-0.0163591282131771
4,0.000898184021934867,3,0.00167007961620887
4,-0.00548295377908895,3,-0.000401819745699565
2,0.00526674087935438,3,0.00218385846043626
3,-0.00811245975395044,3,0.0159652891258399
4,0.0032345651416108,3,0.0106846125175556
2,-0.00234331542742439,1,0.00835902336984873
4,0.00129056706403693,4,0.00584260529528062
2,-0.00828184684117635,2,0.0116976906235019
2,-0.00809280512233575,1,0.00301242043497041
1,0.00131132236371438,1,-0.000654048829649886
4,0.0100354027623932,3,0.00666147665469907
1,0.00470879813656211,4,0.000191384460777044
3,-0.000131832377519459,4,-0.00835836585611105
1,-0.0130675782759984,2,0.0111722952375809
4,-0.0174002700174848,1,0.01373911749882
2,0.00359577130681525,3,0.0003442558615158
2,0.000885809926937024,4,0.00534280839686592
4,-0.0110414186492562,4,0.00422845926368609
1,0.00172423695524534,1,-0.00640265247784555
3,-0.00052613066509366,3,0.0031897770628954
4,-0.00326722697354853,2,-0.00636027691264947
3,0.00242269854061306,1,0.00995315130179127
1,0.0191757374753555,3,-0.00292512107019623
4,-0.0134499981068075,4,-0.00616185475761692
4,0.00208396092057228,4,0.000461510596020768
3,-0.0038997915883859,2,0.000179741587847578
3,0.00047775210502247,2,-0.00415320696629351
2,-0.00412488253399109,4,0.0054523297585547
3,-0.00100451599185665,3,0.00713687064126134
2,-0.0114990094055732,3,-0.000811580908096706
2,0.00583289051428437,1,-0.008260036673164
1,-0.00570087026183804,3,-0.0154649885371327
2,-0.00032355907994012,4,0.00243911310099065
1,-0.0149859354520837,4,0.0233023588856061
4,-0.0061844196364594,2,0.00593532738275826
4,0.00407716530996064,4,0.0139514928062757
2,0.0013406669216541,4,-0.00341357259700696
2,0.0047435718588531,4,0.00345382078861197
4,-0.0112244511644046,2,0.00871113811930021
1,-0.00623581224742035,3,0.00458672813450297
2,0.00201524080087741,2,-0.0219243156413237
1,0.00471946100393931,2,0.00269134913105518
4,0.00310619637214889,2,0.00819155806675553
3,0.00127134089901422,4,-0.00582125863972275
2,0.00483608460732891,4,0.00803394677738349
4,0.00670669934091469,4,-0.00401359191164374
1,-0.00424485370361557,2,-0.00318170399017011
1,8.09446792118251e-05,4,0.000623491398679713
2,-0.00669252810378869,4,0.0076564719590048
1,0.0071601167631646,3,0.011685700311015
4,-0.000491915028154229,3,-0.000827945458392302
4,-0.0104349426304301,2,-0.00526777189224958
2,-0.00274681928567588,1,-0.00442522733161847
2,-0.00438176654279232,4,-0.018182959407568
1,-0.00063878142585357,1,-0.01154222805053
4,-0.00325662452572336,1,0.00224245442465569
3,-0.002660029528973,4,-0.00769928256825854
1,-0.00286369060631841,1,0.00544029629478852
2,0.00113696480790774,1,-0.0148316423098246
3,-0.00258531021730353,3,-0.00219491712050512
1,-0.00136101317669575,2,-0.0013330966370025
3,-0.0122480026135842,3,-0.00505560388167699
2,0.00882265778879325,3,0.00826208328362554
1,0.0115826581216728,2,-0.00928989471867681
3,0.00250784835467736,1,0.00596546913341929
4,-0.00190735810125868,3,-0.00452753175826122
4,-0.00426130074386795,3,-0.00204189688277741
2,-0.0119945574551821,3,-0.00478991493582726
3,-0.00910288702774172,2,0.00153507804498076
3,0.00865445720652739,1,0.00979571153099338
1,0.0185714003940423,4,-0.00597643107175827
1,0.00488757683585087,3,0.0128223802894354
2,-0.0084118329298993,2,-0.00411152211017907
2,0.0151118601982792,1,-0.000283289545526107
4,0.00356349094848459,3,-0.00628061452880502
3,-0.00145716119247178,3,0.00216295046266168
4,0.0149203709637125,1,-0.00793818089490136
2,-0.00535848829895258,1,0.000116737559437752
3,-0.00863665156066418,1,0.00848011284445723
1,0.000230548010828594,2,-0.00150233685659866
4,-0.00848963794608911,1,-0.00320850933591525
2,0.00370879766220848,1,-0.00545112354060014
3,-0.0028227874233077,3,0.00322638613094265
2,-0.00521715187157194,4,0.00482132004496331
1,-0.00487932655960321,2,0.000502637820318341
4,0.00527134949030976,4,0.0102519637730438
4,0.00415523629635572,2,-0.00316158849697482
2,-0.00945634293990831,1,0.00893177882729409
4,-0.0167590373506149,4,0.00202766930063566
4,0.00324074066399286,1,-0.00908936218669017
3,0.00737861784485479,1,-0.00101320194759561
3,-0.00260910015398016,3,0.00867711162815491
3,0.00275147271653016,1,0.0055869217030704
4,-0.00748178067927559,4,-0.000196298099278162
1,0.0041810298183312,2,-0.00115391631455471
2,0.0196697808181246,2,-0.00707628174374501
4,0.00719665767004093,2,0.00615718537786355
1,0.00573550273353855,4,-0.00109457114012912
2,-0.00467159987116853,3,-0.013828265791138
2,-0.00617553542057673,1,-0.00046166234339277
1,-0.00758067638768504,1,-0.000877353925413142
4,-0.00209060811903328,1,-0.00430883789279809
3,-0.00636396271875128,4,0.0146973356604576
4,0.0161509538690249,3,0.00137203776588043
1,-0.0119796575357517,2,0.000353747493742655
4,-0.00468736059701769,4,0.00549696052136521
3,-0.00257719901856035,4,0.00949679780751467
3,-0.00113056786358356,3,0.00115614558914482
1,-0.00805484782904387,4,0.000273394165560603
3,0.0101945851929486,1,-0.00223651008370022
4,0.00737185062219699,2,-0.000607845567477246
2,-0.00883983898287018,4,-0.0185227971524
1,0.00510025334854921,2,0.00370061180243889
2,-0.00111076903219024,2,0.0144503718862931
1,0.00344470050185919,2,0.00340441800653934
1,-0.00741799738413344,4,-0.0146628233293692
4,0.0133298607737136,2,0.00520646168539921
4,0.00260754653330271,3,0.00422208321591218
2,0.0026802339804514,3,-0.00269645964726806
3,0.00213624779280508,2,-0.00969796627759933
3,-0.00253316247835755,1,-0.00446200805405776
1,0.00723746325820684,2,-0.0059223926315705
2,-0.00198621341648201,1,0.0047826348648717
1,0.00573037176703413,1,-0.00819470353114108
3,-0.00728321184093754,2,0.00945415743626654
1,0.0192828314999739,4,-0.00565522955730557
2,0.00591495163583507,1,-0.00662614630224804
2,-0.00375817048673828,1,-0.00454254200061162
2,0.00872638763394207,1,-0.000395050194735328
2,0.00502322847023606,2,-0.0119336005300283
1,0.00947486950705449,3,-0.0148243196308613
3,-0.00983044722427925,2,-0.00418875951921412
4,-0.00305543009502192,1,-0.0007276176669014
3,-0.0161697007715702,2,-0.00117658362917912
4,0.00381367487716489,4,0.0173026300326455
1,0.011516864101092,4,0.0189398023455093
2,-0.00295687816105783,4,0.00133028638083488
4,0.00896556489169598,1,0.00396092246228363
4,-0.00451771169900894,2,0.0104412964234749
1,0.00345964539640894,4,0.0123148262500763
3,-0.000344263467316826,3,-0.00145190181986739
4,0.000364395479361216,1,0.00407732790336013
4,0.00488275615498424,3,0.00660064971695344
4,-0.00306373339117272,1,0.00549902006362875
1,-0.00178816899036368,1,-0.00430034328989374
4,-0.00212479838713383,3,0.00415590331734469
3,0.00403440340111653,2,0.00669258491446575
1,-0.00562473258469254,2,-0.00740027132754525
3,0.00368635061507424,4,-0.000556220154976472
1,0.0135464388877153,3,-0.00475358933908865
3,0.00528034777380526,4,0.00720413673358659
2,-0.0176936799349884,2,-0.00949245070417722
2,-0.00695560670768221,4,0.00823068028936783
3,0.00532797103126844,1,-0.00621380600690221
2,0.00402258076549818,1,-0.000709802766020099
2,-0.0123115094999472,3,0.00453318151024481
1,-0.0043370599548022,2,0.00210250541567802
4,0.0065552182495594,4,-0.0105164848888914
3,-0.00239992559848664,3,0.0123787934426218
1,0.00194935485099753,2,-0.0101595098773638
4,-0.00527713509897391,2,0.0109255720550815
2,0.00310778338462114,2,-0.00498485759211083
3,0.00442505433845023,2,-0.0117222958554824
1,-0.0135818599568059,1,0.00247121732293939
1,-0.00757005686561267,4,-0.00162138339752952
4,0.00977258632580439,4,0.000196028229159613
1,0.00318664382211864,1,0.0051736884439985
1,0.00602948231001695,3,-0.00260366701210539
3,-0.00756709890750547,1,0.00679814885370433
2,0.00346654141321778,2,-3.1649872350196e-05
2,-0.00195250210041801,3,-0.00402063969522715
4,0.00288553954063294,4,0.000302034236180286
3,0.00666346369932095,4,0.0090871565140939
4,-0.0175343860561649,1,-0.000509939602731417
2,-0.00627872687376415,3,0.00591101957009717
1,0.0018342553327481,3,-0.0098019380432864
4,-0.0196525845676661,4,0.0141413710080087
3,0.00727619184181094,4,-0.00898173887010974
3,-0.00149868673179299,3,-0.02229936234653
1,-0.0023022013095518,3,0.00645035722603401
4,0.000885594092930357,2,0.00506146077532321
1,-0.0049952941481024,4,0.00142324113403447
1,0.016529254304866,1,0.00268009696931889
3,-0.00178478844463825,4,-0.00487742518695692
4,-0.00751673562141756,2,-0.00851221817235152
2,-0.00638079969212413,2,-0.00108786854737749
2,0.00302017930274208,4,0.00486453434374804
3,0.00131212652195245,1,-0.00165210287862768
4,-0.0163850318640471,2,-0.00898509385297075
3,-0.00358564938263347,2,-0.00751534513741111
1,-0.000922049395740032,4,0.00731554068624973
1,-0.0103870985719065,4,-0.0035793589001211
3,-0.00309064945516487,2,0.00449381636766096
4,0.000692471881241848,1,0.010431301780045
3,-0.00374693359723703,2,-0.00318145410468181
1,0.00564513091618816,4,-0.00405293866060674
1,0.0134989293292165,1,0.00783632800448686
4,-0.0078323339112103,2,-0.00346479107004901
2,0.00448241205109904,2,0.00071942200884223
4,-0.00373829047506054,1,-0.00437324090550343
2,-0.0133859400327007,2,-0.00906278736268481
1,0.0026220383879263,2,-0.00890015888338288
3,0.00816512092327078,4,0.000784210860729218
4,0.00581362893960128,1,-0.000508775468915701
2,-0.0105839939787984,2,0.0116566689684987
2,0.000564913032576442,1,0.00305952100704114
4,-0.000807401956990361,1,-0.0130244341368477
3,0.0121509896901747,1,0.00190832551258306
4,0.00953745562583208,1,0.020041100991269
2,-0.00324208910266558,2,0.0113569565486008
3,-0.00256455045503875,2,-0.00790819502435625
3,0.0170379215851426,3,-0.00441527005750686
3,-0.00270506211866935,3,0.00789167421559493
3,-0.00257771190566321,3,-0.00095345467949907
2,0.00292307487688959,4,-0.0162909167508284
3,-0.00989807986964782,3,-0.0030614718561992
2,0.00560409102278451,1,0.00511131125191848
4,-0.00511094757045309,3,0.0117374133939544
1,0.00151787436334416,4,-0.00458280579186976
3,-0.00283560234432419,4,0.0011803051068758
4,0.00195312259408335,4,-0.00694331338551516
3,0.00010608850667874,4,-0.00360954475278656
1,0.00206354981889945,1,0.00196153953826676
1,0.000335772206502346,3,0.010143085460489
4,0.000345867127180099,1,0.0114719825796783
1,-0.00899860976884762,2,0.00660278919773797
3,0.00919640673479686,1,0.00759582043004533
4,0.00373824538352589,4,-0.00277135202971598
4,0.00664369637767474,3,-0.00684336037375033
3,-0.00375948138146972,3,0.00312474358361214
4,-0.000211177083353202,2,0.00842476853479942
1,0.00504488109921416,2,0.00233835152660807
2,-0.012094554801782,4,-0.00555075254912178
3,-0.00548435021967938,1,0.00447925149152676
3,0.00743254879489541,1,-0.00234075170010328
3,0.00665737750629584,3,0.00085760504892581
1,-0.00232265846959005,1,0.00822205150810381
3,0.00298738691102092,3,0.002426919216911
1,0.0136659340932965,4,0.0164971562723319
1,0.0181236366430918,4,-0.00177021968799333
4,0.000691279458502928,2,0.00278051973630985
4,0.00326105385223248,4,0.00242101827946802
3,-0.00571950587133567,4,-0.0104009496668975
2,0.0132877892659356,2,0.00894100281099478
1,0.0109078008681536,1,0.0218157358467579
3,0.0182147026062012,3,0.000260433958222469
4,0.0143517000445475,1,0.0230718843328456
2,-0.0012398090135927,4,0.00826131924986839
2,-3.66258124510447e-06,2,-0.00734619485835234
4,-0.01306595467031,4,0.00547148931461076
2,-0.00880184094421566,4,-0.0136804012581706
1,0.0002585196440729,4,0.00388963179041942
4,-0.00455238902941346,3,-0.0107076360533635
4,-0.0107395111117512,2,-0.00331963854841888
1,0.00634134327992797,2,0.00216233928222209
3,-0.000950567851153513,2,0.0176090970635414
4,0.0117817612675329,2,-0.0121833067387342
2,0.00178291718475521,3,0.00152372615411878
2,-0.00175099870345245,2,-0.00141672871541232
1,-0.0023693436717925,2,0.000192875149271761
4,0.00901161848256985,2,-0.00797756512959798
3,-0.00213343161158264,2,-0.00973531495158871
3,0.0141394178693493,2,-0.0173201452319821
4,-0.00382235762663186,2,0.00410945022789141
1,0.00920141177872817,3,-0.00201855250634253
4,-0.00458152491288881,4,0.00551702751545236
2,0.00133286848237428,1,0.00154684885061821
1,0.0136035466566682,2,-0.0011712706182152
1,0.00509367122625311,3,-0.00226230112214883
2,-0.000902582852480312,3,-0.00276620724859337
1,0.00775452128921946,2,0.00210329339218636
1,-4.06041120489438e-05,2,-0.00205198970312874
3,-0.00199545826762915,4,-0.00812222808599472
1,0.0146707262222966,2,-0.00148543821220907
2,-0.0146489747955153,2,-0.00359480758197606
1,-0.00406118102061252,2,-0.00533096826014419
1,0.00298509599330525,4,0.0195823134854436
2,0.0064355192395548,2,0.00512151373550296
2,-0.00323961036823069,3,-0.00259294915789117
2,0.00811378735428055,2,0.000655078319444632
4,0.00560230412520468,2,0.00336158256201694
2,-0.00334860337898135,4,-0.00497039128094912
3,0.00769682011256615,1,-0.000507487682625651
2,-0.00127118643528471,1,0.00412530358880758
2,0.00498652830719948,1,-0.00276299001416191
2,0.00222739335731603,2,-0.00528958362216751
4,-0.00336013796428839,4,0.00250004765500004
4,0.00113878337045511,3,-0.00438856302450101
1,0.00595503649674356,4,-0.00413832135382108
4,0.00173397540735702,2,0.00303974699151392
1,0.00250464433338493,3,-0.00664339680224657
1,-2.85881881912549e-05,3,-0.00312756204220932
3,0.000511120830196887,1,0.000652970978990197
3,0.00287351274164394,1,0.00183046253126425
3,-0.00349296753605207,1,0.0101020932197571
2,0.0147051252424717,3,-0.00525286444462836
2,0.00424579724979897,4,0.00357143386888007
1,-0.00327568654514228,3,-0.00658885102408628
1,-0.000909856520593166,4,0.00218529937167962
4,-0.00134718318198187,4,0.00477308170714726
3,-0.00821786342809598,4,-0.000145388573097686
1,0.00133241941997161,1,0.00202009921971088
1,-0.0146783079641561,1,-0.00204924959689379
1,-0.00562103216846784,4,-0.00698057032423094
4,-0.00694569960857431,4,-0.0121807701264819
2,0.000106703742252042,4,0.004999122582376
2,-0.0249993099520604,2,-0.00488306778909949
4,0.0060241996931533,2,0.00569370326896509
3,0.0170685946941376,4,-0.0013139018168052
3,-0.0040898787168165,4,0.0126432346102471
2,0.00527717724132041,4,-0.00287830806337297
1,0.000248619471676648,4,-0.00146024315229927
3,-0.0167442827175061,1,-0.000391852197992648
4,0.00360865875457724,3,0.00812290899921209
2,-0.00727021073301633,4,0.00256589272369941
3,-0.00933781048903863,4,-0.0123727926984429
3,-0.000761232416455944,3,-0.00750439971064528
3,-0.00913299216578404,4,0.00550795121428867
4,-0.00214222952490672,4,0.0164264782021443
1,-0.00108217863210787,3,-0.00567484941954414
2,-0.00115986135400211,1,-0.00275196026389798
3,0.00418827589601278,3,0.012913445631663
2,-0.0037225189153105,4,-0.0140077971542875
1,-0.0053961705416441,3,0.0102052316069603
3,-0.00520731216238346,1,0.000199095190813144
2,-0.00225708431874712,2,0.00287688771883647
3,0.00438052540024122,1,-0.0100379003367076
2,-0.00424327848789593,3,-0.000750935015579065
3,-0.00226053968071938,4,0.00809772871434689
2,0.00302478841816386,1,-0.0257076763858398
3,0.00872820398459832,2,-0.00370857251497606
3,0.00414737321746846,1,0.00501551486862202
2,-0.013429619371891,1,0.0108497590214635
1,0.00113343835497896,1,-0.001154554154103
4,0.00145756996547182,4,-0.00506162903426836
2,0.00896574648019547,1,-0.00630971610856553
4,0.0033617727458477,1,-0.0147839328274131
3,-0.00685105938464403,2,-0.00571286561898887
2,0.00398043878764535,2,0.000178156265368064
4,0.00925886235199869,2,0.0129161747172475
1,-0.00513495566944281,4,-0.00019833135108153
4,-0.00110017457821717,4,0.00136208125816969
4,0.00472631573211402,1,-0.00153976958245039
2,0.0039310217058907,4,0.000980906692954401
1,-0.00180153218874087,4,0.00216406168571363
1,-0.00515694574763377,2,0.00225443840220881
1,-0.00420600177797799,2,0.0063825543038547
3,-0.000929269784440597,4,0.00352968260024985
2,0.018940637120977,3,-0.00707950652576983
1,-0.0048387194207559,4,0.00619168176005284
1,0.00734125316254601,2,-0.0190956921627124
4,-0.0018869536385561,4,-0.00902645677948991
2,-0.00337222823873162,1,0.00163777762403091
4,-0.00245310148845116,3,0.00391165477534135
3,-0.00145910585221524,4,0.00808235550114963
3,-0.0159802295578023,3,-0.0328081237773101
3,-0.00173873190457622,2,0.0015235859900713
4,-0.0119054776926835,3,-0.00475078374923517
4,0.00306082299600045,3,-0.00427369509513179
2,-0.017543268079559,4,-0.00957214335600535
2,-0.00942428704972068,1,-0.00947677545870344
3,0.00415185877742867,3,0.00152714950187753
4,-0.00172711703150223,3,-0.00110330032960822
2,9.55511786742136e-05,1,-0.000248348641131694
4,-0.0127209496373932,1,-2.47313485791286e-05
1,0.00694821262732148,1,0.00406608358025551
3,-0.00583430439777051,1,-0.00513383094221354
1,-0.012741453324755,1,-0.00266346568241715
4,0.00186697579920292,1,0.000343972215584169
3,0.00670570119594534,3,0.00937420595437288
3,0.000329342515518268,2,0.0106672809148828
1,-0.0182390075739628,3,-0.00545938111220797
4,-0.000853521283715963,3,0.00477043290932973
3,0.00783136083434025,2,0.00166304331893722
2,-0.0017098371948426,4,-0.0192970509330432
3,0.00497115186105172,3,0.0101940360618755
2,0.00375826346377532,3,0.000568892496327559
3,0.00823768662909667,2,-0.000164988450706005
3,0.00660748593509197,4,-0.0101904591235022
2,-0.000304632689221762,4,-0.00339874846395105
1,-0.000114358146674931,4,-0.00743767945095897
1,0.00258579974373182,4,-0.00223842065315694
2,-0.00473574393981835,1,0.00244360785776128
3,0.0104545009477685,1,-0.00299190108974775
4,-0.0108899561067422,3,0.0160760491465529
2,-0.00613604974932969,3,0.0129452034210165
4,0.00191351542404542,1,-0.00969713538264235
1,-0.00538466374079386,4,-0.00464635908914109
4,0.00869661554073294,2,0.00521065387874842
2,-0.00427718148178731,4,0.00530754200493296
4,-0.000604226952418685,1,0.00688367988914251
2,-0.00312329264124855,3,0.0071728671900928
4,0.00619097597276171,1,0.00288470370287541
1,-0.0101006222733607,1,-0.00204131410767635
4,-0.0014314844738692,4,-0.00681710289791226
2,0.00172061228659004,2,-0.00301398848629712
2,0.0110145580644409,2,-0.000281184620689601
3,0.012581513573726,1,-0.00842405824611584
2,0.00414432802548011,4,-0.00947939418256283
4,0.00870842416770756,2,0.00289906208248188
1,-0.00163672262290978,4,-0.00151653173573626
4,0.0109790456481278,1,-0.00505894356562446
2,0.0158717685068647,4,-0.00329883388864497
2,-0.00629719036320845,1,-0.00475307080584268
4,0.00336024848123391,2,0.000890669451716046
2,0.0107331968223055,1,-0.000483119578954453
4,0.00540629828659197,3,-0.00350622155625994
3,0.00298193567626489,2,0.0037350389175117
2,-0.00085395840384687,4,-0.000121244355492915
2,0.00138544947064171,1,0.00843697196493546
4,-0.0086962083975474,2,-0.0128077237556378
2,-0.00306219223421067,4,0.0055323902827998
1,-0.000613565571256913,4,-0.00310502405651884
2,0.0098629937080356,1,0.00372935376556901
3,0.0344958323209236,3,0.00153541304947187
1,-0.0102234833563368,1,0.0152303422801197
1,0.0110503733158112,3,0.00677847835080077
3,0.0140356391978761,2,-0.00514703911418716
3,0.000446789160681268,1,-0.00300730741582811
2,-0.0137677118182182,4,-0.00822482382257779
2,0.000868538627400994,2,0.000617516207663963
1,0.0116795857126514,4,0.00722431387597074
2,-0.00738372911776726,3,-0.000591326388530433
3,0.00431785020433987,2,0.0043505037513872
4,-0.00145197659730911,1,0.00276029366068542
4,0.000894806949266543,1,0.00340817802740882
1,0.00185273960232735,2,-0.0125390823620061
3,-0.0027434552515236,4,0.00204436545997548
1,-0.012567061620454,4,0.00817680120235309
4,-0.00306862526728461,4,-0.00192346338493129
1,0.0167551984389623,1,-0.000316026931007703
1,0.00824244972318411,1,-0.00622492143884301
3,-0.00300984550267458,3,-0.00085242633940652
4,-0.00868055131286383,2,-0.0125637544939915
2,-0.00389241892844439,1,0.00598020603259404
2,0.0022703891445417,1,0.00930281107624372
1,-0.0025875404147276,3,0.00183652807027102
1,-0.00741169136017561,4,0.00537008163519204
1,-0.00105045821207265,4,0.0128056338677804
1,-0.000207802591224511,4,-0.0160268958037098
1,0.00491711831030746,1,0.00445898707645635
1,0.00277674661871667,2,-0.00607869339485963
1,0.00689774511071543,2,-0.00520159583538771
1,0.00701069661105673,1,0.011845997069031
3,-0.00164570923273762,1,-0.0058621964417398
2,-0.00143278436735272,4,0.0141716031357646
4,0.00515691672141353,4,-0.00129991750388096
1,-0.000877664036427935,1,0.00227693258784711
2,0.00653939965801934,3,-0.00879520876333117
2,0.00207884066427747,2,-0.00152455200441182
1,-0.00135362660512328,1,0.0108285490423441
3,-0.00545088853687048,2,-0.00374191269899408
1,-0.00359525252133608,4,-0.0192777806272109
4,0.0115086060638229,4,-0.00341405471165975
1,0.00179373416661595,3,-0.000120868959735769
1,0.00743164432545503,2,-0.00752523362947007
1,-0.00612246718568106,1,-0.00989752526705464
4,0.00189002719707787,2,0.00188071416535725
2,0.00287402181614501,3,-0.0209840213259061
2,0.00149459818688532,3,-0.00111845569820919
3,-0.00359412930750599,1,0.000872740522027016
1,-0.00596746344429751,3,-0.000882116107580562
4,-0.00638222506192202,1,-0.00517577119171619
3,0.00018606831630071,1,0.00903298147022724
3,0.00198844694144403,2,-0.00196911223853628
4,-0.00111323370947503,2,0.00103484109664957
1,0.0112278123075763,3,0.0092507884837687
2,-0.00989582575857639,3,-0.00150998736110826
3,0.00464805494993925,3,0.00395974699252595
1,-0.0109838825495293,4,0.00622103142086416
1,-0.00507533990942951,4,0.00286745217939218
2,-0.00125586862365405,4,-0.00509120911980669
4,-0.00480895877505342,3,0.00687499910903474
4,-0.0175128939251105,2,-0.00606307286458711
1,0.00196151264632742,4,-0.0206257073829571
3,-0.00162145456609627,2,0.000393714949799081
1,-0.00204079468191291,3,-0.00214148312807083
1,7.60479548868413e-05,2,0.00237254010668645
4,0.00306660152273253,1,-0.000628778788571556
1,0.00332805898506194,4,-0.00259717639225225
1,0.00168288665978859,2,-0.00654991576448083
3,-0.00422086132069429,2,-0.00794055700923006
2,-0.0190240672479073,3,0.00468143758674463
2,0.000257948954337432,1,0.00384910590946674
3,0.00505030954567095,3,0.00245927250944078
4,0.00118557208528121,2,-0.00636250471385817
4,0.000188122176041361,4,-0.00142243395869931
2,-0.00527682046716412,3,-0.0138846213618914
4,0.00365601930146416,1,-0.00456708840404948
4,-0.000715250692640742,1,0.00484376396828641
1,0.0131417326629162,3,0.00273387958683694
2,-0.0023217477525274,1,0.00743152604748805
4,0.000910313664159427,3,0.00385061519530912
3,0.00134102301672101,3,0.00361033560087283
4,0.00665379626055558,2,-0.000987915205769241
4,2.13996196786563e-05,1,-0.00658202093715469
3,-0.00568583297232787,4,-0.00547297434726109
4,-0.0102076868837078,1,-0.00225017219781876
4,0.00323568548386296,3,-0.00841639408220848
2,-0.000455717303945373,4,0.031808960561951
2,-0.0183280277997255,2,-0.0153899434953928
3,0.00212386799588179,4,-0.0119562166122099
2,0.00281864920786271,2,-0.00674060631232957
1,0.00974969787057489,3,-0.0118959865843256
2,-0.00407271960284561,2,0.0126758358286073
3,0.0117299256768698,1,-0.000314671080559492
2,-0.0130663295276463,1,-0.0088244352179269
4,-8.24900344014168e-05,2,-0.0180600952977935
3,0.00219555610480408,1,-0.00476650129227589
2,0.00923093978781253,2,0.0058978755841963
4,-0.00223551690578461,3,-0.00705057615414262
3,-0.00402270505825679,4,-0.00892949088787039
3,-0.00105299218557775,2,0.00368908331923497
4,-0.00616998023663958,3,0.00665007710146407
2,0.00388302157322566,2,0.00692038300136725
2,-0.00123836348454158,3,-0.00175751505109171
2,-0.000152207911014557,4,-0.00360847462434322
3,-0.00235115441804131,1,-0.00838637786606948
4,0.00921860554565986,3,0.0112421487768491
3,0.0017604069726076,3,-0.00376458497097095
2,-0.00735083299999436,2,0.000409459801934039
4,-0.00724768343692025,3,0.00398654971892635
4,0.00271774722690073,2,-0.00245462249343594
2,0.00242511943603555,1,-0.00275120530083465
4,0.00575774675235152,1,-0.0123486074929436
2,0.000848609488457441,4,0.0018379104634126
2,0.00239547214005142,4,-0.00371357146650553
1,0.0020735269645229,2,-0.0107218315824866
4,0.00559264165349305,3,0.0190945155918598
3,-0.00211193319410086,2,-0.00304817790553595
4,-0.00360780073485027,3,-0.000301895122599187
3,-0.00270857956881324,4,0.0346657303161919
1,0.00492924824357033,3,0.00916219929543634
2,-0.000634753610938787,3,0.00710415498663982
3,0.000965989505251249,4,-0.0172098316252232
4,-0.00777170031021039,3,-0.00291310974474375
1,0.00152877642540261,1,-0.0114806534644837
3,-0.00234432149833689,4,-0.0107914212470253
4,0.000780138187110424,3,0.000733837718144059
4,-0.00678002260004481,2,0.00225782433214287
2,0.0122758961903552,2,0.00020768356625922
4,-0.00189172461008032,4,-0.0113876896599929
2,-0.00267329532653093,3,0.00524981149161855
4,0.00119217873240511,2,-0.0125903791437546
2,0.00116634542382599,3,0.00738815513129036
2,-0.00958796994139751,4,-0.0060601692336301
2,-0.00313130358699709,1,-0.002114442269279
2,-0.00135340729805951,1,0.00257252412848175
4,-9.2277613778909e-05,1,-0.000806904087464015
1,0.000734530078868071,1,-0.0030032688130935
4,-0.00391730045278867,2,-0.00625540781766176
3,0.0191888730041683,1,-0.00603535488092651
3,0.00553533458150923,4,-0.00552259897813201
1,0.00921959895640612,2,0.00360054771105448
2,0.0162411571169893,4,0.00354787544347346
4,-0.00754435438041886,3,-0.00525798400243123
1,0.00969723472371697,4,0.00273935000101725
3,0.0157293193042278,3,0.000316991858805219
3,-0.00230587335924307,2,-0.00759908541416128
4,0.010200895058612,2,-0.000883488139758507
1,-0.00767805815363924,3,-0.000463748570230867
4,-0.0070183037314564,2,-0.00319030357059091
1,-0.00166663892256717,3,-0.00797329843044281
4,-0.0187073461711407,3,-0.00815334465975563
2,-0.0101170209236443,3,0.00431533084095766
3,0.000125462654978037,1,0.00768423390885194
1,-0.0062888542500635,1,-0.0117222249197463
3,-0.0012593325227499,2,-0.00790611716608206
3,-0.00222547662754854,4,-0.00244237009125451
3,-0.00259343169940015,3,-0.00135435614114006
1,0.0046420976286754,3,0.000856808638976266
2,0.000923764426261187,4,0.000616401220516612
3,-0.00356955616734922,3,-0.0213864760201735
4,-0.00150380842387676,1,-0.00373016683928048
1,0.0039975435162584,2,0.00200011441484094
4,0.00050054300421228,3,-0.001154268111956
2,0.00311110354959965,2,-0.00741405893738071
4,-0.00604435529870292,3,0.00452831232299407
4,-0.00382762883479396,2,-0.000756889504070083
1,0.00120288903296265,3,0.00995760162671407
2,0.0149871467923125,1,0.00615781351613502
1,-0.00277850379158432,3,-7.56517935466642e-05
4,0.00537393009290099,4,0.00357044913107529
1,0.00464207765374643,1,-7.27574030558268e-05
4,-0.0221570652599136,4,-0.00806046863241742
2,-0.0101550064670543,3,-0.00146749280005073
2,-0.00305018682653705,3,-0.00661669190352162
1,-0.00500801797412957,1,-0.00125320414008456
3,0.000634091052537163,1,0.000246707058977336
1,0.00427578024876614,1,-4.66540222987533e-05
3,0.00311336196803798,2,0.00303744928290447
2,-0.0160038688530525,1,-0.000624927808530629
3,0.0084646459047993,1,0.00051443636281571
2,0.0150230045740803,4,0.0180662482356032
3,0.02313984464854,3,-0.00818401978661617
1,0.00321604924586912,2,-0.0154584075013796
1,-0.0121617624536157,2,0.017525884633263
1,-0.00721668141583602,3,-0.00306095435128858
1,0.00859462702646852,3,0.010346574204353
2,0.00529291354663049,3,-0.015354502790918
2,0.00190124156263967,2,0.0071866891036431
1,0.0051859055335323,2,0.00396352043996255
2,0.00458521768450737,2,0.000484087271615863
3,0.00664745410904288,1,0.00852269399911165
4,-0.0293366927653551,3,0.00194447518636783
1,-0.00495402266581853,4,-3.85877986749013e-06
3,-0.0113645569266131,4,-0.00608886580448598
2,0.0038119026091105,1,-0.000193017690132062
4,0.00228280135585616,1,0.0136587286833674
3,0.0113270717362563,2,-0.00777758289283762
2,-0.00170914072077721,3,-0.0040294179537644
1,0.0037303202940772,2,0.00443477804462115
1,-0.0070321272748212,1,-0.00510083443562811
2,0.00431534539287289,1,0.00168791719806904
1,-0.000548336034019788,1,-0.000480840758730968
2,0.00323388523732622,4,-0.0102973065028588
3,0.000982541746149461,3,0.00124338984217805
4,0.0028654409882923,2,-0.00881474651396275
4,-0.00751644392342617,4,-0.00308620914195975
4,-0.00430252946292361,2,0.00395811892425021
1,-0.010870131974419,3,-0.00110400677658617
3,-0.00154339626897126,1,-0.00571320989790062
3,-0.00720104218150179,2,-0.000265971602251132
1,-0.0135752960729102,3,-0.00650036723042528
1,-0.00634965766221285,1,-0.00924614778098961
1,0.00851521159832676,1,0.00337469585550328
2,0.00173163729292961,2,-0.0176503366480271
3,0.00546707275013129,1,0.0186253155892094
2,-0.00690609822049737,2,-0.00579785454707841
1,0.00714883906766772,1,-0.00299572960163156
4,-0.0137950513356676,4,-0.00799690342197816
2,0.00325356080429628,4,0.00162937274823586
4,-0.010033769843479,1,-0.00172042727839046
4,0.00509541854262352,1,0.00242941205700239
4,-0.00902639298389355,2,-0.000731064938008785
3,-0.0104908654514778,2,-0.00711502647027373
2,-0.0064782976017644,4,-0.0126641523092985
4,-0.00920948184405764,2,-0.00880495893458525
3,-0.00564920933296283,2,-0.0080136611747245
4,0.00215366467212637,2,-0.0106641768167416
1,-0.00438309932360426,3,0.00585791561752558
2,0.00158587765569488,4,-0.00935855135321617
2,0.011891419844081,3,0.00638817359382908
3,0.00713243832190831,4,0.00617738052581747
4,0.0049704381575187,3,0.00529632049923142
1,0.00645185386141141,4,-0.00219966548805436
4,0.0169607593367497,2,-0.00347043884297212
3,0.000656769261695445,3,0.0089353338504831
2,0.00401474349200726,4,-0.0026522120848919
1,-0.00661413744091988,1,-0.000631953754539912
1,-0.00237021758706154,3,-0.00696712670226892
2,-0.00476606871476785,2,0.00948649582763513
4,0.00492822134401649,2,-0.0102794279033939
4,0.00165781130393346,4,-0.00393425665485362
3,-0.00322531200557326,3,0.00197391972566644
4,0.00530140846967697,1,0.00812380869562427
4,0.00321981341403443,3,0.0137835739490887
3,0.00596556471039851,4,-0.00906395741427938
3,0.00214360481186304,1,0.00651362974895164
2,0.00301364172870914,1,0.0161887674281995
2,-0.00546864311521252,3,-0.00124289943293358
4,0.0170381367206573,4,0.00297128804959357
2,0.0109049392243226,4,-0.00870725667725007
4,-0.0062620243212829,2,0.00152915538031569
1,0.00753872500111659,4,-0.00388925964944065
2,-0.00771104505596062,4,0.00507375380645196
3,0.0147860577950875,4,-0.00130951408452044
2,0.00203632301418111,4,0.0153697114437819
3,-0.0157397584989667,3,-0.00769629422575235
3,0.00288870682319005,3,-0.00215083438282212
4,0.00165738276943254,1,0.00341965506474177
4,0.0047195446677506,1,0.00303984864149243
3,-0.0110705502641698,1,0.00169318040328411
1,0.010966838337481,1,-0.0126821454614401
4,0.0124129758526882,2,-0.00157682046604653
3,-0.000826804869575426,1,-0.00868704961612821
3,-0.00689683914727842,2,-0.000666606647428125
1,0.00958569146071871,3,0.0139279163752993
1,-0.011421350762248,2,0.00323884891501317
2,0.013280571748813,4,-0.00380054318035642
3,-0.00623805029317737,2,0.00463472680136571
3,0.0013097037250797,3,0.00583763342971603
1,0.0071550205272312,2,0.00352779153035954
3,-0.00235301385206791,4,-0.00163474442282071
3,0.00290665255549053,4,0.0123118814080954
3,-0.00426446087658405,2,-0.00236035231500864
1,-0.0117636835202575,3,-0.0122086066597452
1,-0.00191824076076349,4,0.00109029355614136
1,-0.00148011138662696,1,-0.000497487179624538
3,-0.00963522571449479,2,-0.0131238284520805
4,-0.0029495256797721,3,-0.00599056280528506
4,-0.0009642030345276,1,-0.00739188703785961
3,-0.0070091454933087,4,0.0135551908363899
3,0.0114905585845311,4,-0.00260245342118045
2,1.95029521516214e-05,1,0.000113259045368371
1,0.00198645051568747,3,0.00965861789882183
3,-0.00155418141124149,2,0.00860065501183271
1,0.0141816139221191,1,-0.00511945380518834
1,-0.022914896098276,3,-0.00976198756446441
3,-0.0091442655151089,1,-0.00433975495009993
3,0.0101416856050491,3,-0.0028606968371605
1,0.00894239669044813,1,-0.00452622724696994
3,0.00594784676407774,4,-0.00152329114886622
1,0.0045583550624239,3,0.0032399621559307
3,0.00389420054852962,3,-0.0049548971777161
1,0.0115637776131431,1,-0.00340994773432612
2,0.00192961690481752,2,-0.00500479433685541
4,0.0057128876602898,2,-0.00615400238893926
2,-0.0204955289761225,2,0.00446147269879778
3,-0.00811569625511765,3,0.00486141769215465
2,0.000769327726933019,4,-0.00467955352117618
1,0.00192948194065442,3,-0.00174352487859627
1,0.00555640955766042,1,0.00572015721506129
3,-0.00139737979043275,1,-0.00144797835188607
3,0.0123604875989258,2,0.0069997226819396
4,-0.0149286550780137,3,-0.000264436394597093
4,0.00386235800882181,2,-0.000579916561643283
3,-0.0142870570222537,1,0.000423364981543273
4,0.00917964320008953,3,-0.0047599885535116
3,-0.00634586345404387,1,0.0183216303897401
4,0.00870278431102633,2,-0.00476927092919747
2,-0.000683976123885562,1,0.00399657750191788
1,0.0053996955199788,3,0.00707250895599524
4,-0.0065790672476093,4,0.00943951991697153
4,0.000997557028010003,2,-0.00194322946481407
2,0.00324944600773354,2,0.00110586866503581
2,0.00541706833367546,4,-0.0027084859708945
3,0.00251553277485073,3,0.00566036595652501
1,0.0116499128441016,1,0.00664875516667962
1,0.00423665740527213,3,0.00676198008780678
2,-0.006003822820882,3,-0.0104140983894467
3,-0.0024382093300422,3,-0.00197138565514858
4,0.0153191275894642,4,0.0076993607605497
4,-0.0118366555931667,2,-0.0061058869274954
2,0.00271477887872607,1,-0.0178117000808318
1,0.0105805018295844,1,0.00606479107712706
4,0.000190111653258403,1,0.00230741562942664
4,0.00576744973659515,1,-0.00166635339458783
4,-0.01247938342082,3,0.00867946570118268
2,-0.0116200111806393,2,0.0110157450350622
1,-0.00527695605220894,3,0.0078289908512185
3,-0.00506437523290515,1,0.00604149140417576
3,-0.0163070273896058,3,-0.00603377826822301
4,0.000377989277088394,3,0.00142660271376371
4,-0.00477359948672529,2,0.000354771812756856
4,0.000510815957871576,2,-0.0104382592253387
3,0.00620798006032904,2,0.00130759202875197
4,0.00458927460325261,2,0.000662376095230381
1,-0.00034278534197559,2,0.00692424729155997
1,0.000621800660155714,1,-0.00551885987321536
4,0.00622248152891795,4,-0.0099937265428404
3,0.00476738455472514,4,-0.00452626155068477
4,0.00432365119922906,3,0.000870542678361138
1,0.00945464909697572,1,-0.00983987608924508
1,0.0210946363707383,4,0.016387468824784
1,0.00400591680469612,3,-0.0164562119171023
1,0.0064470925135538,3,0.00131867965683341
3,0.0307473332310716,4,-0.00148120879506071
3,-0.00861617418316503,4,-0.00523911036240558
4,-0.00825333905716737,3,0.0106573904243608
2,0.00373694044537842,3,-0.000790565352266034
3,-0.00387834633390109,3,0.00374097656458616
2,-0.00601803270789484,4,-0.000159443588927388
1,0.000483462548193832,4,0.000937234385977111
2,-0.00140268080091725,2,0.00114821150782518
2,-0.00258482396990682,4,0.00623217675214012
2,0.00751864071935415,4,-0.00357827815848092
3,0.0190140479244292,1,0.00383044880193969
1,0.00215925241354853,2,0.0105308660616477
3,0.00409026956185699,2,0.00315136520657688
3,-0.00242841949996849,3,-0.000604975852183998
3,0.00935619867717226,1,0.00556512006248037
2,-0.00200857868185267,1,-0.000696654586742322
3,0.00145120369658495,4,-0.00399467488750815
2,0.00736962833131353,4,0.00528545010214051
2,0.0109629789367318,3,-0.001474947668612
2,-0.00982886956383785,3,-0.00464177022998532
3,-0.0039690718986094,3,-0.00277933307612936
3,0.00274188288797935,2,-0.000459311976252745
3,-0.00238470105493131,4,0.0101116969405363
2,-0.00109909226497014,3,0.00431216453822951
4,-0.0144767422849933,4,0.00496330003564556
1,-0.00165075723392268,2,0.00106733488307024
4,-0.00130857855159168,4,-0.00519638392142951
4,-0.0027250165779454,4,0.00277435779571533
2,0.00245807806883628,3,0.00326104807512214
1,0.00283316072697441,1,8.8766294841965e-06
1,-0.00944159909461935,2,-0.0246061951232453
3,0.000671018923943241,3,-0.00687502220777484
2,0.00469990152244767,4,0.0012153895101316
1,-0.00441627817538877,3,-0.000411948485028309
2,0.00646682580312093,4,-0.0137321716174483
3,-0.0105278358484308,1,-0.013161829362313
3,0.00539617605196933,3,-0.00415840826462954
3,-0.00599713406215111,3,-0.00873489157917599
4,0.00716758938506246,4,-0.000669828538472454
2,0.0017685128065447,4,-0.00905676900098721
4,0.00232963726739399,2,0.00118344152967135
3,-0.00612269517053695,4,-0.00907367467880249
1,0.00161626305392322,1,0.00860875813911358
3,-0.00755500979721546,4,-0.00936144093672434
4,-0.0134649312434097,1,0.00571662055638929
2,0.00169629533775151,2,-0.0130873052403331
1,0.00131699799870451,2,-0.00114159625566875
4,0.00514440463545422,4,-0.00355168016782651
1,0.00110815674997866,1,-0.00156477543835839
4,0.00308807101100683,3,0.00939950409034888
3,0.00560596585273743,1,0.00461760064354166
4,-0.000667479403394585,1,-0.0121470919499795
2,-0.00950299963975946,3,0.0130126570972304
4,-0.00415603816509247,4,-0.00203705307406684
3,-0.00506038901706537,1,-0.0137015607518454
2,0.00663468187364439,1,0.0104951169341803
4,0.0341791386405627,2,0.011690389054517
4,0.00647703449552258,1,0.00485544677940197
3,0.00269814790226519,2,-0.0144314668917408
1,-0.00643889233469963,1,0.0044875699095428
2,0.0112097687087953,4,0.00236098351888359
1,0.00594652777848144,3,0.00137649298024674
2,-0.00846546764175097,1,0.00353123065239439
2,-0.0108671126266321,1,0.00196859904099256
2,-0.00273101272371908,3,-0.00915518744538228
1,0.00535435446848472,3,-0.00634307662645976
4,0.00157929941390951,1,0.00307371286908165
3,8.6042593466118e-05,2,-0.00156047336834793
1,0.0111122432475289,1,-0.00256388238631189
1,-0.0170097714290023,4,0.000323890291231995
1,-0.000791873782873154,1,0.00110341825832923
1,-0.00060503208078444,2,0.0119170108422016
2,-0.00260643238046517,3,-0.000651200612386068
3,0.000778502163787683,2,-0.017578383286794
2,-0.000599474757715749,4,-0.00544922853199144
2,-0.00222930480958894,1,-0.0146931100947162
1,-0.0172997635478775,2,-0.00190226171010484
1,0.00233740572972844,3,0.00560859451070428
4,0.000785018744257589,2,-0.00157333328388631
1,0.00845993294691046,1,-0.00346366642042994
4,0.00580887434383233,2,0.00855788132563854
3,0.00505034842838844,3,-0.00986326889445384
4,-0.00370842699582378,4,0.00774545719226201
2,0.00343329998819778,1,0.00619787870285412
2,-0.00398819575396677,3,0.000538891608205934
4,0.00629647619401415,2,0.0170099777169526
1,-0.00044821813935414,1,-0.00660042728607853
1,0.00107112462380125,3,0.00209042005008087
1,0.00790694212385764,4,0.00360669094758729
1,0.00566230727902924,2,0.00805764396985372
1,0.0039282519913589,3,-0.00244869974752267
4,0.00655143257851402,4,-0.00820682446161906
3,-0.00830877649908265,2,0.00707996698717276
3,-0.00549528165720403,1,-0.00727868732064962
3,0.00147966815469166,1,-6.96291487353543e-05
4,-0.0202905399103959,3,0.000466622412204742
2,-0.00467808521352708,4,0.00320021132938564
4,-0.00820277320841948,2,-0.0184829253703356
4,-0.0109983918567499,3,-0.00690609558175008
4,0.00353683453674118,3,0.00328011174375812
3,-0.0032342960475944,1,0.001669949075828
2,0.00296226784121245,3,-0.0079496077572306
2,-0.00492997622738282,3,0.0033504869012783
2,-0.0251723925272624,2,0.00533818857123454
1,-0.0102579157489041,4,-0.0121285996089379
1,-0.00952952572455009,4,0.0043154329371949
4,-0.00446178143223127,2,0.000774740396688382
3,0.00537044476368465,2,0.00475294950107733
4,-0.00679622561438009,3,0.0117926538611452
4,0.00565415942886223,4,-0.000195257055262725
3,0.0154090976963441,1,-5.60471477607886e-05
1,0.00572368456050754,3,-0.00255512442284574
2,-0.00112853878332923,1,-0.00953752283627788
1,0.00430615184207757,4,-0.01539439180245
1,0.00740637102474769,2,-0.00200793946472307
2,-0.00327126980603983,3,-0.0049381977878511
3,0.0107533531263471,1,0.00159201957285404
3,0.000460896927203673,4,0.00280456023756415
4,-0.00551157522325714,1,0.00303587185529371
2,-0.00622173398733139,1,0.00292257716258367
1,-0.0133571588036527,4,0.00172706371328483
1,-0.000255270317817728,4,0.00856389699038118
2,0.00786034421374401,3,0.0312064089812338
2,-0.00224264286225662,2,-0.00569959093506138
4,0.0012821468214194,3,-0.0107054328545928
2,0.0126236393116415,3,-0.0153275495395064
3,0.006535812591513,3,-0.00939094120015701
1,0.00284395813165853,3,-0.00828018272295594
