LateBefore,CNVBefore,LateAfter,CNVAfter
2,-0.00702634050200383,2,0.00770627645154794
3,0.00359281556544981,4,-0.00511087516012291
2,0.00640912509212891,4,-0.0113095318665728
3,-0.00219807535177097,3,-0.011517520993948
2,0.00137369142612442,4,0.00279392792920892
2,0.0047113784433653,2,0.00702381588052958
1,0.0007967467730244,1,0.00301785697229207
2,-0.00314817841475209,2,0.00546650243146966
4,0.0118894403179487,4,0.0182544427613417
1,0.00798069421822826,1,0.00397791938545803
4,-0.0111972672554354,4,0.0158764775842428
3,-0.00199285246587048,3,0.00511989804605643
3,0.0259356324871381,2,0.013168976486971
1,0.0108382704978188,1,-0.00746569029676418
4,-0.000495616967479388,1,-0.0159389125183225
2,-0.00308645858118931,1,0.00192959450456935
3,0.000159468501806259,1,-0.00449180204304866
4,0.00160189112648368,4,0.00860222541571905
3,-0.00341970566660166,3,-0.00214512972161174
2,0.0159130043660601,3,0.00303382333368063
4,0.00545892717006306,3,-0.00886687931294242
3,0.00281077716499567,2,0.00759480660781264
2,-0.00145182809986485,3,0.0120295711482565
3,-0.00431530960971334,3,-0.00863389337124924
4,0.00209725621001174,1,0.00275150407105684
3,0.00143343831102053,1,-0.00226847334609677
3,-0.00424548494629562,1,0.00827974698040634
3,0.0049177590602388,1,0.00579531631471279
3,0.00851184595376253,2,-0.000680704474992429
2,-0.00643646864530941,2,0.00217488594353199
3,-0.00277687252188722,1,0.00198093988001347
4,0.00325542634042601,4,-0.011144332587719
3,0.00147629963854949,4,0.00452003579509134
3,-0.00170713612654557,2,-0.00123033826821484
2,-0.00213524573094522,3,-0.00495801617701848
1,0.00408220950824519,1,-0.00502873173293968
1,-0.00755127620262404,1,-0.00768284780982261
4,0.00885444724311431,1,-0.00372076306181649
4,-0.0109244232686857,4,0.0181067949160933
1,0.00553905568085611,3,-0.000774526813377937
4,0.0018824206199497,1,-0.00909248103077213
4,-0.0134417259444793,2,0.00173349748850645
2,0.00364091216276089,4,0.00269492521814148
2,0.0159429010624687,2,-0.00326982544114192
4,-0.00216360172877709,4,0.00562183186411858
1,-0.000582666019909084,4,0.00849292892962694
3,-0.00616023313098898,4,-0.00153311504982412
2,0.00914332487930854,4,-0.0239051058888435
4,0.00535892508924007,3,-0.00724335794802755
4,-0.00333326030522585,4,-0.000437875123073657
2,0.0428392762939135,4,0.011143452487886
2,0.00385337020270526,4,-0.0036176551754276
1,-0.00414778543442177,3,-0.0126228208343188
3,-0.0183020429685712,1,0.0215982832014561
3,-0.000870918040163815,3,0.001456495684882
1,-0.0106555496652921,1,0.0203909926737348
3,-0.0164081705734134,1,-0.00322204828262329
1,0.00242264952976257,2,0.0220669402430455
4,-0.00572944944724441,1,-0.0281863280882438
2,0.00190006421568493,3,0.00474404993777474
4,0.0272196714455883,1,0.00887274881824851
3,-0.0157622490078211,3,-0.00214985199272633
4,-0.00080309536618491,2,-0.0147807981508474
3,-0.01148380098554,1,-0.0181485988820593
1,0.00882476040472587,1,-0.000518701272085309
1,0.00121468751846502,4,-0.00790790840983391
2,-0.0127952499315143,4,-0.0225342257569234
3,0.00310828630851271,4,-0.00520143331959844
2,-0.0188090090329448,1,-0.0021135436060528
1,9.67970117926598e-05,4,0.000585200148634613
2,0.00197159840414921,1,-0.000163874123245478
4,0.0129495101670424,1,0.0121921685834726
1,0.00283909601330379,3,-0.0145426432912548
1,-0.0025036889516438,1,-0.0136935195575158
4,0.00726504934330781,3,0.00670634376971672
1,-0.0115171617750699,1,0.00310104868064324
2,0.0132339692985018,4,0.00309930551641931
2,0.00920339114964008,3,0.00677164462589038
4,0.0113358749076724,4,0.00444298850197811
1,-0.00648754357825965,2,-0.00300983789687355
2,-0.0181286757191022,4,-0.0134605170848469
2,-0.000560343110313018,2,0.000592974751877288
3,-0.0188494070122639,4,-0.00513924689342578
4,-0.00770493674402436,3,0.00834079800794522
4,0.00313615791189174,2,0.0272687884668509
3,-0.00361700165861597,1,-0.0139729351115723
2,0.0104239427795013,4,-0.00990355263153712
3,0.0214508057882388,3,-0.0134931784123182
2,-0.00927267378817002,3,0.00685714565527936
3,0.00565766543149948,4,-0.00497243506833911
2,0.00594028667546809,3,0.00644095327394704
1,0.00607077249636253,3,0.0433155174056689
4,0.00111401934797565,1,0.00274674594402313
3,0.00868735648691654,4,0.00884377832214038
1,0.00199546498091271,1,0.0234463141338589
2,0.000316913336670647,3,-0.00645952749376496
1,-0.0103415342358251,4,-0.0162777161846558
1,0.00574326391021411,3,-0.019956109734873
4,0.00533479172736406,4,0.0201850682497025
4,0.015892317382774,3,-0.0105222680916389
3,0.00658622399593393,2,0.00744262182464202
2,0.00627380733688672,2,0.00398678549875816
2,0.0202344957118233,4,-0.00340018301297581
2,0.00367799969778086,4,0.00582107653220495
3,0.000559208604196707,3,-0.00202973660392066
2,-0.00360191256428758,1,0.0165187492966652
4,0.00811799398312966,2,-0.00251668127020821
1,-0.0160555184508363,4,0.0113621222165724
3,-0.00605883418271939,2,-0.00354389543645084
3,0.00150607836743196,3,0.00898517916599909
2,0.00200194337715705,4,-0.00388551854606097
4,0.00615823843205969,1,0.00867161925028389
4,-0.0110086235993852,3,0.00543049802460397
2,0.0115085120002429,3,-0.0148888357604543
2,0.0317516848444939,4,0.0208319596325358
3,0.0126811787486076,2,0.00743524606029193
1,0.00427611552489301,3,-0.00708938421060642
1,-0.0125306968887647,3,-0.00739037121335665
1,0.00695189624093473,2,0.0101135960624864
4,0.00458732487944265,2,0.00308024774615963
4,-0.00575538468547165,3,-0.00101258823027213
3,0.00701289810240269,4,0.00384569146748011
1,-0.00210104696452618,3,0.014223829532663
2,-0.014418871452411,1,-0.00360881599287192
3,-0.00268765166401863,3,0.00579958378026883
1,0.00796336028724909,4,0.00315523430860291
2,-0.0171151546140512,2,-0.00317497178912163
2,0.00979338306933641,2,0.0141749583805601
1,-0.000285917039339741,4,0.00062448096772035
3,-0.00514448558290799,4,-0.00656073230008284
2,-0.0063221698316435,4,-0.00127325995708816
4,-0.00172580576812228,2,-0.00595831987448037
2,0.00292987562716007,1,-0.00263056267673771
4,0.0241920196761688,3,0.0102389669045806
2,0.0113200408716997,4,0.00772389986862739
2,-0.00742837212358912,3,0.00470049368838469
4,-0.000755426163474719,3,0.00110629511376222
1,0.000597673468291759,1,0.00520185350130002
4,0.0229959338903427,3,0.00710318051278591
1,-0.00185219019961854,4,-0.00289284748335679
2,-0.00460403633769602,4,-0.00978147160882751
1,-0.00474058871623129,1,0.00607948812345664
2,-0.00168860841464872,4,-0.0238623674958944
4,-0.00443697938074668,2,-0.0138174456854661
3,0.014031425351277,3,0.00230345759579601
1,-0.00849276610339681,4,8.40914144646376e-05
1,0.00642917499256631,1,0.00163922282808926
2,0.0297768674790859,1,-0.0148201339567701
1,-0.000497201302399238,1,0.0156271453791608
3,-0.000948328665496471,2,0.00655610548953215
1,-0.00399261222628411,4,-0.00326396458937476
1,0.0154425468839084,4,-0.00412566001371791
1,0.00852248740072052,2,0.0144381715605656
4,0.00962539560471972,2,0.0069965790801992
2,0.00274831995678445,4,-0.00692227948457003
3,0.00304633842703576,4,0.00448216234023372
1,0.0212172965208689,4,-0.00557990263526638
1,0.00562776128451029,2,-0.00374059674019615
1,-0.0180875031898419,1,0.0294221372654041
1,-0.00581739641105135,3,-0.0028893038785706
3,0.013696465951701,1,-0.0131417009979486
4,0.00354795064777136,2,0.0170451759671171
3,0.00685463317980369,1,0.00157944625243545
2,0.000624704485138257,2,0.00145560510767003
2,0.032023373991251,3,-0.00466044332521657
1,0.00818273646291345,2,-0.00116606045048684
3,0.0105864919300226,1,-0.0391441310445468
4,0.00643451391564061,2,-0.0192110942055782
3,0.000464619001528869,4,-0.00917072283724944
2,0.00776438803101579,2,0.00404827793439229
2,-0.0049665553184847,3,-0.00103334710001945
4,-0.00334983959328383,2,0.0089359610962371
3,-0.00746567159270247,4,-0.00479863327927887
3,0.0136982717861732,4,0.00800562199826042
3,0.0128673240542412,1,-0.000947198374584938
2,0.00106089856126346,2,-0.00399929370420675
1,0.00335300253937021,3,0.000704581407868924
3,0.0113395756731431,3,0.00127068456883232
2,0.0386107973754406,1,-0.00417888723313808
3,0.00248613362782635,3,-0.0035607338262101
4,0.00413322239182889,1,-0.00309679936617613
4,-0.001971222848321,2,-0.0137839208667477
1,0.0121984394888083,1,0.00436360063031316
1,-0.00104440764213602,2,-0.00463588679364572
4,-0.00195203305823573,3,-0.00445430578353504
3,0.00623475749550077,3,-0.00454587272057931
1,0.0095988493024682,4,-0.00685596015925209
1,0.00234898331109434,2,-0.0259173475205898
4,-0.0222764493276676,1,0.00480522712071737
1,0.00381770283759882,4,0.00149788490186135
4,-0.00656828749924898,3,0.000992552222063144
1,0.00245844960833589,2,-0.00210447000184407
2,0.00133147494246562,4,0.00513005731045268
4,-0.0296623188381394,1,0.0161590939387679
2,-0.00304358700911204,4,0.038478081425031
1,-0.0215208567678928,4,-0.00926744751632214
3,-0.000145121749180059,2,-0.000915694438541929
1,0.00563091753671567,2,-0.00521659284519653
3,0.00716714037116617,4,-0.0119595699943602
3,0.00596452334624094,1,0.00076321450372537
3,0.0044237522330756,3,0.0139352949336171
2,0.0220876913517714,4,0.00628592787931363
4,-0.00927680816190938,4,-0.0175362474595507
2,0.00877999933436513,4,0.00580692756921053
2,-0.00856482998157541,3,0.000555094583736112
3,0.00230246887076646,2,-0.0018314458502573
4,-0.00367504802610104,4,0.00661141859988372
3,-0.00505085561599117,1,-0.00128670044553777
2,-0.000508388349165519,4,0.0146396749963363
2,-0.00748640814951311,2,-0.00171452271752059
1,-0.00819528118396799,4,0.00523792145152887
1,-0.00977582236131032,2,0.0139530077576637
4,-0.00897609491585172,2,-0.0259449187045296
4,0.00160190657091637,3,0.000410226872190833
4,0.00426479537660877,1,-0.00445115589536726
3,-0.0142565093313654,4,-0.0115974529956778
1,0.00763442305227121,4,-0.000606433992894987
2,-0.0210891030728817,3,0.00846206567560633
1,-0.0163233960047364,1,-0.0024015402692991
4,0.0104690666000048,1,0.00515022850595415
1,0.00255682319402695,4,0.00659550291796525
1,0.0131497668723265,2,-0.0123072608063618
1,0.00670770819609364,3,-0.000419323837074141
3,-0.00213370534280936,1,-0.00171034697753688
4,0.00289504478375117,4,0.0423518680036068
1,0.0023286094268163,4,0.000876536961489668
3,-0.00290160841541365,3,0.011321525555104
1,-0.00668307052304347,1,-0.0042756527182064
3,-0.00117447087541223,3,0.000687435735017061
1,-0.0113035865748922,1,0.00744426809251308
3,7.74516956880689e-05,3,0.0045008952729404
4,-0.0117379327615102,1,0.000357032753527164
2,0.00674449295426408,3,-0.00204158415241788
1,-0.0114473531333109,3,-0.00531632297982772
4,-0.0190934464335442,1,0.00150054004431392
2,0.00827322760596871,3,0.0032210317440331
4,0.0174058865134915,3,0.00594135746359825
3,0.00634632958099246,1,0.0036782060827439
1,0.00824118964374065,3,-0.00770026447329049
2,-0.00923664021926622,3,0.00493371952325106
1,-0.00158041001607974,3,-0.0116172725198946
1,0.0213480590221783,4,-0.00314871221780777
2,0.00242825977814694,3,0.00839426733242969
4,0.0112613529587785,3,0.00168715805436174
4,-0.0125795938074589,2,0.0105537034881612
3,0.00318715845545133,1,0.00079761571638907
2,0.00537707594533761,3,0.0092494177321593
1,0.00863676890730858,1,-0.0221981449673573
3,-0.0056513089997073,3,-0.0148426395220061
4,0.00868938009565075,4,-0.0187973504265149
1,-0.00132403631384174,3,0.00995911968251069
3,0.00692271146302422,2,-0.000746885314583778
3,0.0132569850732883,3,0.00968424261858066
3,0.00521692455125352,2,-0.018631764066716
2,0.00525860379760464,2,-0.00298951496370137
4,0.00309770562065144,3,0.0522753310700258
3,-0.00254981312900782,1,0.000250417913775891
3,0.00110824049140016,1,0.00579204379270474
4,-0.00122037700687846,4,-0.0230967402458191
4,0.00964949637030562,2,-0.00290673241640131
3,-0.00601956410294709,1,-0.0161919500678778
1,-0.0037127433073086,2,0.0155942381049196
1,0.00257502620418866,1,0.0065525717412432
3,-0.0126355877146125,3,0.00207605944888201
3,-0.00197625398868695,3,0.00526957431187232
1,0.000508681250115236,2,0.00614926591515541
1,0.00859200643996398,3,0.00284634833224118
3,0.0130336042493582,2,0.00202128197997808
1,0.0107673794652025,3,0.00367287049690882
1,-0.00626015694191058,1,0.0233314714084069
4,0.0292004483441512,1,0.0243299206097921
2,0.012212259384493,2,0.00507050372349719
2,0.0309007447212934,1,0.00954252108931541
3,0.0114839253947139,1,-0.0102916035490731
4,-0.00202546633469562,3,-0.0012959279702045
3,0.0148595726738373,1,0.0176639165729284
3,0.0182138352344433,2,-0.00161173693292464
4,-0.0117304722468058,1,0.0203019718949993
3,0.00377931818366051,2,0.0104311554071804
4,-0.0146870401998361,3,0.0222227356086175
4,0.0045283231108139,4,-0.00179320585448295
4,-0.0247618742287159,3,-0.000777199000973875
3,-0.00255135431264838,4,-0.014239692206805
3,-0.0027939782012254,1,0.00162909839612742
2,-0.0123126950735847,3,-0.00586232931042711
3,-0.00957237781646351,4,-0.00271051854360849
1,0.0118159744112442,1,-0.00268507764364282
1,0.00555432184288899,3,-0.00637230773766836
1,-0.00921636839242031,3,0.00767149310559034
3,0.0136462298687547,1,0.0137722380459309
1,0.0182592718241115,2,-0.0108740625437349
3,0.00790518941357732,2,0.000659889299034451
3,-0.0150740595224003,2,-0.00620709212186436
3,0.00309933756943792,3,0.00392860593274236
4,-0.0117304047259192,2,-0.00312914668271939
1,0.0118117701883117,3,-0.0266054297486941
3,0.00524358736583963,3,-0.0100430649084349
4,-0.0231291701396306,3,-0.00309856298069159
4,-0.00230299780378118,2,-0.00567195226904005
1,0.00838718314965566,2,0.00234006500492493
3,0.00716537764916817,2,0.00061202064777414
4,0.0159868809084098,4,-0.000301188323646784
1,0.00763176567852497,1,-0.0132815193889352
4,0.00587003290032347,1,0.00351777108153328
4,-0.00419725431129336,4,0.00366525018277268
3,-0.00972629322980841,2,-0.0376489100356897
3,0.0103938831016421,4,0.00370862986892462
4,0.00868168768162529,3,0.00669728328163425
3,0.000119567848742008,1,0.00476029422134161
4,0.00794131603712837,1,-0.0259992859015862
3,-0.00800451201697191,1,-0.00708521456302454
3,-0.00773103104438633,2,-0.00792287026221553
3,-0.0065458258225893,2,0.00345549825578928
2,-0.0149087949345509,2,0.00598566796785841
1,0.00854633562266827,3,-0.00424650792653362
4,0.00569381580377619,4,-0.00249650625240368
2,0.012126158302029,2,0.013767313833038
4,0.00214128623095651,2,-0.0149574146295587
3,0.00813808711245656,4,-0.00230588897829875
3,0.00886088920136293,3,-0.0227357518548767
1,0.0109983803704381,2,-0.0133279065291087
2,-0.00133219190562765,3,0.0077812031765158
1,-0.00332586215032885,3,-0.00051010656170547
2,0.00929770393607517,2,-0.000682825882298251
1,0.00884003822769349,2,0.00248696740406255
3,-0.0102606057965507,2,0.0271612773649395
4,-0.0125386227543155,3,-0.000139289225141207
1,0.000465832961102327,1,-0.0551557807872693
3,-0.00259282781432072,4,0.00538741750642657
4,0.000576994692285856,3,-0.00778315379284322
2,0.0140847762425741,1,-0.00844887387938797
3,0.00319688185118139,1,0.0313341189175844
2,0.00973359138394395,1,0.000972736782083909
2,-0.00099970920321842,4,-0.00709124949450294
1,-0.0115393021454414,4,-0.00713465145478646
1,0.012264611509939,2,0.0242468888560931
4,-0.00498472084291279,4,0.0143960540493329
2,0.00800409292181333,2,0.0122051124150554
4,0.0064035061125954,3,0.00455291895195842
3,0.000756161209816734,1,0.00676344459255536
2,0.00933896175896128,1,-0.02390716286997
1,-0.0141467964276671,1,0.00451248868679007
3,0.00173467993348216,1,0.0114628470813235
3,0.0154903195798397,2,0.00394781430562337
4,0.0215193318823973,2,0.0137641184943883
2,0.0153413554653525,2,-0.00991286880647143
2,0.00029124195377032,3,-0.0223711157838504
4,-0.0257740244269371,4,-0.0035141917517952
1,-0.0027625472478879,2,-0.00232942930112282
4,0.0111351046944037,1,-0.0087388704996556
2,0.01491119650503,2,-0.00181799024964372
3,0.00368141693373521,1,-0.00112759384016196
2,0.00714122938613097,4,-0.00738786486908793
3,-0.00425584086527427,1,-0.00355512726431092
4,0.0185263805712263,2,0.00795605941675603
2,-0.00842711655423045,3,0.000509185406068961
1,0.0210502392922839,1,0.00659905451660355
1,-0.00892536264533798,1,-0.00722380199780067
2,-0.0070299970296522,4,0.00195831106975675
4,-0.00255682644395468,4,0.00232581918438276
1,-0.00430392577739743,3,0.0239822249859571
3,0.0123987717864414,2,0.00702714330206315
3,-0.0027460784088665,3,0.00748552925263842
1,-0.0125493976520374,1,-0.00180538084047536
4,-0.00367630630110701,4,-0.00570733627925317
3,-0.0110967031990488,4,-0.0129463893050949
1,-0.00310902437195182,3,0.0126210174833735
3,0.00400356180034578,2,0.00956171859676639
1,0.00157766308014592,3,0.0072143473662436
1,0.00440904562128708,3,0.0425086605052153
3,-0.00674082437762991,1,0.0419652437170347
4,-0.0111719300039113,2,0.00240438485828539
3,0.00935530010610819,3,0.00837942886088664
2,0.000551733246538788,3,0.00590122770518064
4,-0.00353775968930374,4,0.00979322237738719
1,0.012691397840778,4,-0.00753353505084912
1,-0.000674594620553156,1,0.00177377827155093
1,-0.00223497941624373,3,-0.0146251892050107
2,0.000576400479379421,2,0.0148186798517903
4,0.00254914599160353,2,-0.00679611329299708
3,-0.0230497705439727,3,-0.0123585428033645
4,-0.0134212607517838,2,0.00810082722455263
1,0.0100319421229263,2,0.00432113014782469
1,-0.0212677620972196,3,0.00460011387864749
4,-0.00330904700482885,3,-0.00156273925676942
1,0.000239997170865536,1,0.0170966060832143
1,0.00875050481408834,2,0.00858439908673366
2,0.00681394474425664,1,0.000508993514813483
3,0.00645146565511823,2,0.00050644933556517
2,0.00281663638694833,1,-0.00148266821634024
1,0.0167195958395799,3,0.0114508609597882
3,-0.0102410555700772,3,-0.000296903890557587
3,0.00518030921618144,3,0.00408223845685522
4,0.00738381815608591,2,0.0045412794376413
1,-0.0114930865820497,3,0.00919337756931782
3,0.0098435040563345,2,-0.00546002760529518
4,7.10674794390798e-06,2,-0.0104206677836676
1,-0.00500227534212172,4,0.00240124948322773
4,0.00688170618377626,3,0.00843312731012702
4,-0.000861191578830282,2,0.00598119591207554
4,0.0182031777997812,4,-0.0346345423410336
3,0.00995428975147661,3,-0.00461958317706982
4,0.0045080817459772,4,-0.000280406831886163
2,0.00622851063963026,2,0.0104192378930748
3,0.010145734064281,4,0.000725702382624149
1,0.00216504793691759,4,0.00382373885562023
2,0.0142924319952726,2,-0.0144520002262046
2,-0.0188397029414773,1,-0.00076868482089291
1,-0.0096218166872859,3,0.0216654973725478
2,0.0165377768377463,2,0.00487424914414684
4,-0.00122085031762253,2,0.0117223963607103
1,0.0085459848244985,4,0.00820059701800346
4,-0.0160108966132005,2,0.00440837691227595
4,0.00191897875629365,2,0.00109615355419616
2,0.0108475939681133,4,0.00248917285352945
4,0.0024737239194413,4,-0.00654788183358808
1,0.00644884025678039,4,0.0147098001713554
2,0.00230544780303414,3,-0.00624573820581039
4,-0.00389502670926352,2,-0.00564141633609931
1,0.00379338852750758,4,0.00528084378068646
3,-0.00445005831231053,3,-0.00094140606597648
2,-0.00832842943297389,4,-0.000356930851315459
1,-0.0284654311835766,2,0.00499079970685064
1,-0.00122105497090767,4,0.000104979068661729
3,0.00108462619391503,3,0.00889953287939231
3,0.00412009648668269,4,-0.00231950551581879
4,-0.000706933128337065,2,-0.001368907901148
1,-0.00966696813702583,2,0.0065600344290336
4,0.0114934858089934,4,-0.00253906721870104
2,0.0071154433923463,4,0.000224500234859685
4,-0.00125370471899563,4,-0.00133849917134891
1,0.00244278119256099,4,-0.0053891985444352
4,-0.0200871434062719,4,-0.0051613182198101
3,-1.59289532651504e-05,1,-0.000214024912565947
1,0.0302291223779321,4,0.00557499960026083
3,0.00581680696147184,1,-0.00579392071813345
2,0.00164707235914345,3,0.00223186689739426
4,0.0133875124156475,2,0.0039341050821046
2,-0.00393352455769976,1,0.0126616194223364
4,0.00183921245237192,3,0.00580025371164083
1,-0.0239757013817628,3,-0.00533831241773441
4,0.00615055921177069,3,-0.001263114293882
4,0.00424251612275839,2,-0.00600768309474612
1,0.0192782493929068,2,-0.000176216824911535
3,0.00578070362098515,2,-0.00175139533045391
2,-0.0192117436478535,1,-0.00238673631489898
4,0.00420025192822019,4,0.00325611707133551
1,-0.00184155399135003,4,-0.0120348489532868
3,0.0123552965621154,1,0.00682644685730338
1,0.00815455475822091,2,0.00156774154553811
4,0.0116474429766337,4,0.00411407665039102
4,-0.0062524206781139,3,-0.00100674650942286
2,-0.00753627767941604,4,-0.0161806335672736
2,0.00977567148705324,2,0.0134342736176526
1,0.00893138162791729,1,-0.0181445873652895
4,0.00525063974782825,3,0.00125679490156472
1,0.0145510553071896,4,-0.00523252668790519
1,-0.00630859929757814,2,-0.0104825279364983
2,0.00402552252247309,2,-0.00070956046693027
4,-0.00935503157476584,3,0.00874069922914108
4,-0.000771815228896836,2,0.0169144545992215
4,-0.0141893816568578,4,0.00962308631278574
4,0.00687469138453404,3,0.0106539918342605
3,0.0057997271263351,1,0.00593341079850992
4,-0.00935665750876069,4,-0.00276251385609309
2,0.0218147415046891,3,-0.000288888152378301
3,0.00302227943514784,4,0.00240189232863486
2,0.0205565935078387,3,0.00100269535323605
1,0.00545790543158849,3,-0.00992860614011685
1,-0.00841588131152093,1,0.00844035732249419
1,0.0125177707523108,4,0.00736668456314267
2,0.0360053057471911,4,-2.14654331405958e-06
2,0.00645798840560019,3,-0.00633157246435682
1,0.0124852696123223,1,-0.0122219918606182
1,-0.00194340804591775,3,-0.0123728689116736
2,-0.000407850214590629,3,-0.0149221246441205
3,-0.0128065437699358,1,0.00514152677108844
1,-0.00340464105829597,2,0.00190587504766881
1,0.00709082892475029,4,0.00763755446920792
4,0.004381964293619,3,-0.0134384343400598
3,4.57159864405791e-05,4,-0.0317085304607948
4,0.00151346126222052,4,-0.0100116274940471
2,-0.0142207592725754,1,-0.0192920099943876
4,0.000530834076926112,3,0.0114427663696309
1,0.000776347607218971,2,-0.00279583443383065
3,0.00275050295749679,4,-0.000545120953271786
4,-0.010432532367607,3,-0.0155584448948503
1,0.0171342774604758,2,-0.0026949366244177
1,-0.0102069771382958,3,-0.00529202104856571
3,0.0127764347319802,3,0.010132030894359
2,-0.00519663196367522,3,0.00415725292017062
1,0.0106558113669356,1,-0.00258961808867753
3,-0.000803685281425714,2,0.00260194746563987
1,0.00530545103053252,1,0.0148068672666947
2,-0.00445018569007516,2,0.0095421988517046
2,0.0137956111381451,2,-0.0143181511860651
3,-0.012189843996263,4,-0.000774294914056857
3,0.0259343203894484,3,-0.00460607364463309
1,-0.00568573642522097,3,0.00346272066235542
3,-0.0147314192727208,2,-0.00148321579520901
2,-0.00103591273849209,2,0.0119910187398394
1,0.0121878106147051,1,-0.00388584753576045
2,-0.00656355327616135,1,0.0010499709751457
3,0.00176174987185126,3,0.00777958628411094
2,-0.00617629064557453,2,-0.00461479346267879
4,0.00545569967168073,2,-0.00675962306559086
2,0.0123348734341562,4,0.00142083084210753
1,0.0130352297176917,1,0.00623354447695116
1,0.000462106429040432,3,-0.0129214481761058
2,0.00433698327591022,4,-0.000707538332790136
2,0.0183827156821887,2,-0.0119305880119403
4,-0.00317719136364758,1,-0.0120500423945487
3,0.00660269691919287,1,-0.00348588756363218
4,-0.00950668061462541,2,-0.00606414737800757
4,-0.0134416916407645,4,0.0365774830182393
4,0.0097844082241257,1,-0.00191746566755076
1,0.0188458083818356,2,-0.0016011589517196
2,-0.00416990447168549,4,0.0108533880362908
2,-0.0110386721789837,2,-0.0184561759233475
4,-0.00737452188817163,4,0.00884164326513807
3,-0.00273262928628052,2,-0.00343868361475567
3,-0.00782548915594816,4,-0.00142843804011742
4,-0.0217912436152498,1,-0.0169243565760553
2,0.00710514203334848,1,0.00160653524411221
2,0.0150899983321627,2,-0.0184887531213462
2,0.0114975197551151,3,0.015981265809387
2,0.00449837914978464,4,0.00619469520946344
2,-0.00232559335806097,1,0.00748803156117598
3,0.0223316953827937,3,-0.0176533813743542
2,-0.00247388022641341,2,-0.0145128400375446
3,0.00966243414829175,2,0.0120979541291793
1,-0.0214779469727849,2,-0.00598423462361097
2,-0.000197684450540692,1,0.00778333904842536
2,-0.0170419234782457,2,0.0201233718544245
2,-0.00179617044826349,4,0.0105408381593103
4,0.00128703797236085,4,-1.43511376033227e-05
3,0.00324107225363453,2,0.0141978099321326
2,0.0115216601019104,4,0.029407133658727
2,-0.00892609621708592,3,0.0114170135930181
4,0.00858253690724572,4,-0.00134714331943542
4,0.000389407544086377,3,-0.00325619615614414
1,0.00685618088270227,4,0.0157817667350173
2,-0.0493053973962863,2,0.00578817732942601
1,-0.0042125602097561,2,-0.00765508265855412
3,0.00213576298362265,4,-0.0286521905412277
1,-0.00199416737693051,3,0.0297505085666974
2,-0.00383319131894192,3,-0.00921101355925202
1,-8.73589500163992e-05,2,0.00117945844734398
2,-0.00245825566040973,3,-0.017310477172335
4,0.0109034054912627,3,-0.00276275194482878
1,0.0015303388160343,3,-0.0010192128829658
3,0.00855565792880952,2,0.00906290812417865
3,-0.00194324397792419,2,0.0246256795556595
4,-0.00124678993597627,1,-0.0143021576416989
2,0.00499325490090996,1,-0.00890249976267417
4,-0.00829103759800394,4,-0.0380333500603835
3,0.00591399831076463,1,0.000501158831563468
3,-0.00045080630419155,1,-0.0046155935463806
4,0.00918350617090861,1,-0.00474675869918428
2,-0.00381537883852919,4,0.017352797711889
2,0.00636658429478606,4,-0.0235907584428787
1,-0.00617444297919671,4,0.00588974550676843
2,-0.0148730287328362,2,-0.00557265120248
2,0.00184508917542795,3,-0.0147747385005156
4,0.00714996984849374,4,-0.00776771424959103
3,0.00296783264881621,3,0.0138642160842816
2,-0.0127468504748928,4,0.00251676553549866
3,0.0128206511338552,1,-0.00536857126280665
3,0.014904013214012,2,0.00429007313990345
2,0.0191994508107503,4,-0.00399439079531779
3,0.00929758154476682,4,0.00660284385473157
1,0.00772460619919002,2,-0.00253883415522675
3,-0.000160648924065754,3,-0.00149356519492964
1,-0.00244167167693377,4,-0.000984119949862361
1,-0.000107946650435527,2,-0.0184962693601847
1,-0.00153169877982388,2,0.00224819624175628
4,0.00544834206812084,2,-0.0440395629654328
3,-0.0218062596007561,1,0.0048549926529328
3,-0.0124596605698268,4,-0.00439384859055281
1,-0.0201164269819856,1,0.017694675984482
4,0.00569380191154778,2,0.000282722137247523
2,0.00802587407330672,1,-0.0123855285346508
3,-0.011066312280794,4,-0.00411092645178239
3,-0.00475709124778708,3,-0.00976321543566883
2,0.00856798111150662,3,0.0310572128122052
1,0.00157526570061843,1,0.0042340795819958
4,-0.00021220077178441,4,-0.00173787392365436
3,-0.00768997209767501,2,0.00789122205848495
2,0.0031258980743587,2,-0.0155590066375832
3,0.00480976545562347,4,-0.00352100003510714
4,-0.00676748451466362,1,0.000393510330468416
3,0.00163724215235561,3,-0.0371795284251372
2,0.0084286220856787,2,0.0194255337119102
2,-0.00506779190618545,4,-0.0243424524863561
4,-0.000331940595060587,2,-0.000163024407811463
1,0.000140399245234827,3,0.0790258000294368
4,0.00563767366111279,3,-0.0132156259690722
1,-0.00241323832112054,4,0.00239836284890771
3,0.0111509257306655,4,-0.00665238841126363
2,-0.00761690627162655,3,0.0165877904122074
1,-0.00517948957470556,3,0.0225497328986724
2,0.0149802714586258,4,0.000378400038850183
4,-0.00202136021107435,1,-0.00107380437354247
2,-0.0116758525061111,1,0.000415885898595055
1,-0.00209836925690373,4,-0.0153266048679749
3,-0.0129697499796748,3,0.00396529453185697
2,0.00192444267061849,3,-0.00677696357403571
3,0.0191903281180809,3,-0.00193484655270974
3,0.00358624143215517,2,0.00586536324893435
3,0.00489899950722853,1,-0.0137358398642391
1,0.00690186365197102,3,0.013284870578597
1,0.00446015635194878,4,-0.0058671065295736
4,0.0162659948691726,4,-0.00467684461424748
4,-0.0108685394128164,1,-0.0250929202884436
4,-0.0125895049422979,1,0.0256136854489644
4,-4.30494546890259e-05,1,0.00311629408194373
1,-0.00318339139145489,3,0.0207784495626887
3,0.016306485204647,4,0.0092779464709262
2,-0.0063398665903757,3,0.00870744705510636
2,0.0148715203007062,4,-0.0175127225617568
4,0.0213736705482006,2,0.0221538773427407
3,-0.00236235652118921,1,0.0144596174359322
3,-0.007855353023236,2,0.00236576516181231
1,0.00646135412777464,3,-0.013140349338452
1,-0.0125493930342297,3,-0.0293754696613178
3,-0.0100531294786682,4,0.000866539356745003
2,0.00230288738384843,4,0.00497649454822143
4,0.00410526556273301,1,-0.00415034502536097
4,-0.000368511546791221,4,0.0062843628693372
3,0.00522459154793372,3,-0.00816386348257462
4,-0.00645122964245578,1,0.00281575221257905
4,0.00819704303648905,3,-0.0127084525302052
2,0.00591043227662643,1,-0.00987087578202287
4,0.0136166431863482,1,-0.000646772862334425
4,-0.0143672686535865,4,-0.0138373483593265
3,0.00635132980581451,1,0.00150098511949182
2,0.00661934004165232,3,-0.0115476743861412
4,0.013396632236739,1,0.00204978976398706
1,0.0103362367954105,4,0.00978366627047459
3,-0.00703795890634259,2,-0.00417066551744938
4,0.0025923540815711,2,0.00533922016620636
2,-0.0181018883983294,4,-0.00578284015258153
1,-0.00194693574060996,1,-0.0112678636796772
1,0.00872901376957695,1,0.00103639128307501
1,0.0012569953687489,4,-0.0116052491745601
3,0.00391024254107227,1,0.0037194259930402
2,-0.0177973452955484,4,0.00337192486040294
1,-0.00437976055157681,1,0.0222388847420613
1,-0.00949954800307751,3,0.00717779357607166
4,-0.0100818254674474,2,0.00892135097334782
1,0.00721452171759059,4,-0.00748498179018497
2,-0.00398377445526421,4,0.00387807562947273
2,0.00157971455094715,1,-0.00073616827527682
2,-0.0246246277044217,1,-0.000730429931233327
3,-0.00323987531010062,2,-0.0134101604732374
3,-0.00134058366529644,3,0.0026941749577721
3,0.0041087941887478,2,-0.00510198599658906
1,0.0040897469346722,3,0.00359221694331306
2,-0.0138736468895028,4,-0.00875655297810833
1,0.00933291111141443,2,0.0187238734215498
2,0.00263653253205121,2,0.0256623141467571
2,-0.0114633593087395,2,0.00148890307173133
3,0.00572946768564483,2,0.00188483328868945
4,-0.0110118958788613,1,0.00620216643437743
1,-0.00631229505718996,1,0.00888612680137157
2,0.000436745816841722,4,0.0103304817166645
2,-0.00888381665572524,1,-0.00804155568281809
1,0.000744005975623926,1,0.00300775485811755
2,-0.00105526430221895,4,-0.0098105538636446
1,0.000288553465604006,4,0.0121292565017939
4,0.00890573719516397,4,-0.00730238948017359
3,0.00384590087924153,3,-0.00940167608981331
3,0.00152565181876222,4,0.00828720900850991
4,0.000579792385300001,4,0.00404416024684906
2,0.00162238930352032,4,0.00381834343230973
4,0.0062990738855054,4,0.000162402555967371
1,0.00295336389293273,1,-0.0130467308529963
1,0.00847488436071823,4,-0.00548765249550343
4,0.0059951589088693,1,0.00633517929236405
1,0.0108077010760705,2,0.00456200586631894
3,-0.0066452594473958,4,-0.00330133425692717
2,0.00722030969336629,1,-0.0107419430278242
1,0.00660818590161701,1,0.0094900814195474
3,0.015044344899555,1,-0.00174962480862935
3,0.0124967386946082,2,-0.000905976165086031
1,-0.00532559817656875,1,0.00537031842395663
4,0.0148922114943465,3,0.00902804204573234
2,-0.00695010429869096,2,-0.00562461372464895
3,-0.000886003642032544,1,-0.00317758119975527
4,-0.00184142176294699,1,0.0073169112438336
1,-0.00446820165961981,4,0.0169815166542927
3,-0.0068323944384853,2,0.00671415108566483
3,0.0103836112345258,2,-0.0096022104844451
2,0.00152357568731532,2,-0.0106018544562782
3,0.0111078331246972,2,-0.00663847274457415
2,0.00455510977189988,1,-0.0038601765409112
1,0.00201409422637274,4,-0.00519040257980426
2,0.00236041510167221,1,0.00202983233854563
3,0.00390300403038661,1,0.00990689732134342
1,-0.0128382458351552,4,-0.000598052361359199
3,0.0025153864795963,1,0.0146232874443134
2,-0.0093992652449136,3,-0.000309113626523564
2,0.00254967249929905,3,0.0121685190436741
2,0.00565517419696941,4,-0.00815758047004541
2,-0.00416344838837783,1,0.0156447705812752
4,-0.00442078895866871,2,0.0121699140872806
2,-0.00786345110585292,2,0.00820824097415122
1,0.00626944998900096,2,-0.0112722159052889
4,-0.00245239942645033,2,0.0167653365060687
3,-0.00349610019475222,2,0.0146342813968658
4,0.00494097941555083,1,0.00320108556964745
2,-0.00103322641613583,4,-0.00743888722111781
1,0.0156393398841222,1,0.012010846597453
4,0.00396757790197929,4,-0.0037363563120986
4,-0.00246722033868233,4,-0.00116038120662173
3,-0.013991242274642,4,-0.00270411112190535
3,0.000768287281971425,2,-0.0030474475624942
1,0.0131287034600973,1,0.015489197957019
4,-0.00997853698208928,3,-0.0133966584689915
2,0.00999943151449164,3,0.00627360785923277
4,-0.0458920908470949,3,-0.0146713918074965
1,-0.00666209655658652,1,-0.00838011355760197
4,0.00829333819759389,2,0.000639995327219367
2,-0.000581131782382727,2,0.00747841759584844
2,0.00673943478614092,2,0.0115014398470521
3,-0.0199994868598878,3,0.00327754377697905
2,-0.00643073922644059,3,0.00397710591399421
2,-0.00556739854315917,2,-0.00271923157076041
2,-0.0155876285086075,4,0.00823464461912712
4,0.00473148034264644,1,-0.0250191309799751
3,0.00603151647374034,3,-0.00156684231478721
3,0.00713412572319309,2,0.00121733755804598
1,-0.000378904864192009,3,0.00476734495411317
1,0.00329702106925348,1,0.00790051302950208
4,0.0106062218546867,1,0.00560497698218872
3,-0.00521075904058913,4,0.00349612184800208
3,-0.00168692398195465,2,-0.00589336247988588
4,0.0153225185349584,1,0.0151417306624353
1,-0.00047498867691805,1,-0.0126626851658026
1,0.0119360309715072,2,0.0200407455364863
2,-0.000582682589689891,4,0.0069816189352423
3,-0.00996682591115435,2,-0.000664230746527513
1,0.000215537535647551,4,-0.0113247366001209
2,-0.000792010454460979,2,0.00799005944281816
1,-0.00303623965010047,3,-0.000149181461893022
2,0.0020306579147776,4,0.00575351590911547
2,0.00239371757682723,2,0.00416533749861022
1,0.00475478753408728,2,-0.0115667435651024
2,-0.000542774874096115,2,0.0143976097218304
2,-0.00913540708522002,2,-0.0191525196035703
3,0.000248128082603216,1,-0.000773176706085602
4,0.0291520114988089,1,-0.00443351179516564
3,0.0042633016128093,2,-0.00361087266355753
2,-0.00145177717786282,1,0.00201809072556595
3,-0.00279570284571188,1,-0.00974919802198807
1,-0.0144240849961837,3,0.012299116080006
2,-0.00374882683778803,1,-0.010536537040025
1,0.0120616257190704,1,-0.0062180544094493
1,-0.0132415241872271,3,-0.00114166818093508
1,0.0107044686252872,2,0.0282830279320478
3,-0.00572233724718293,2,0.00533133520123859
2,-7.36541114747524e-05,1,-0.0162031270253162
4,-0.00122203755502899,1,0.00300213027124604
3,-0.00176839823689079,2,-0.00248633263011773
3,-0.00368101634861281,3,-0.0137970428913832
3,0.000650773368154963,3,0.00646647376318773
2,0.0101985609023056,1,0.00820035332192977
4,-0.0117817952608069,3,-0.00421542506470966
4,0.000957605545409024,3,0.0247420504068335
1,0.00759257733200987,2,-0.00616681606819232
1,0.00158956724529465,2,0.0140019552782178
2,0.00853176694363356,4,0.00225583619127671
1,-0.00752809301775414,4,0.00758940059070786
4,0.00777824176475406,4,-0.0049643738505741
4,-0.0271905434007446,1,0.00134045580246796
2,0.0140952429113289,3,0.00789028794194261
1,0.0352764446288347,2,-0.0120025502207379
3,0.00337587688894322,4,0.00518666673451662
3,0.00188884827851628,1,0.0196202651908
3,-0.00224989567262431,2,0.00502157211303711
1,-0.00245613399116943,4,0.027612137918671
2,0.00246711994986981,2,-0.0129790040664375
4,-0.00773816306415635,1,0.00417387291478614
4,0.0170232566694419,4,0.0006594843386362
3,-0.001078647444956,1,0.0123348074654738
4,-0.00371303649929663,2,0.00233816138158242
2,0.0100404189433903,4,-0.0252451940129201
1,-0.0132603403180838,4,-0.00226632986838619
1,0.00745954985419909,2,0.00965448981150985
4,-0.00447289831936359,3,0.011827871746694
2,0.00800754440327485,1,-0.00349127423639099
1,-0.00812536105513573,2,-0.00689304899424314
4,-0.0174494283273816,3,0.0053549849447639
2,-0.0118221851686637,2,0.000813585085173448
4,-0.00421093815627197,3,-0.00181150203570724
1,0.027563717837135,4,-0.00269350745171929
2,-0.00341966933531997,1,0.0084150144054244
4,-0.017291611370941,4,0.0140122203156352
3,0.00606152229011059,4,0.00528101230641672
3,-0.00481289668823592,1,-0.00256159063186108
2,0.00780575474103292,1,0.00738683405021826
1,0.000950773557027181,3,0.000815187736103932
1,-0.0124102793633938,2,0.00837069346259038
2,0.00568251249690851,4,0.00511235805849234
4,-0.00747757176092515,2,0.00765920228635271
2,-0.00441542527793596,1,0.00842300833513339
3,-0.00528285939556857,2,0.000623750733211637
4,0.0105990443068246,1,-0.00311454494173328
4,-0.000264855809897805,3,0.0175908344487349
4,-0.00919322824726502,1,0.0036496745791131
4,0.00656890581982831,1,0.00915078430746992
3,0.00618432586391767,3,0.00523445405997336
1,-0.0289513686050971,2,-0.00935449354195346
4,0.00500409429272016,1,0.00728798781832059
4,0.00164953250593195,2,0.0193762586762508
4,-0.00212734500140262,4,-0.00859743542969227
4,-0.00368011780180192,2,0.00142387308490773
2,0.0080826150563856,3,0.0168282700081666
4,0.0213832010825475,4,0.00863862146312992
1,0.00784312010121842,2,0.0401008973519007
2,-0.00537907565012574,3,0.00421037245541811
2,-0.022415234571478,3,-0.0197849934920669
1,0.0431230726341406,1,0.00963688610742489
2,0.0147285653899113,3,-0.0159456866482894
4,0.00250034379617622,3,0.00591533537954092
4,0.00350648595485836,2,-0.0065350941537569
2,0.00710990745574236,2,0.0125307099272807
4,0.00583427849536141,4,-0.0108260217433174
3,0.00220519529345135,3,-7.03319286306699e-05
2,0.00161312555428594,2,-0.000471781163165967
2,-0.00838295292730133,2,-0.00159154646098614
1,-0.0109276009413103,4,0.00178358940562854
4,0.00136032560840249,1,-0.00011453265324235
1,0.00678229502712687,3,0.0192580676327149
1,0.00318903596295665,3,0.00299143550607065
2,0.0193706440428893,4,0.0017745983786881
3,0.0177791068951289,1,-0.0094870754207174
3,-0.00478805946962287,1,0.00235099298879504
1,0.00783312569061915,2,-0.00780050751442711
2,-0.00394174891213576,4,0.00963107108448943
3,0.00990252289921045,2,0.00586783816106617
1,-0.00620116960878174,3,0.0316883797446887
1,0.0113656305087109,1,0.00880641777378817
2,-0.0241687123974164,1,-0.0117021654732525
4,0.00501252276202043,1,0.00137273350264877
1,0.00028952529343466,2,-0.00545614849155148
1,-0.000954084835636119,3,-0.00252957715808103
3,-0.0273398940141002,3,0.0110148697470625
4,0.00440244469791651,1,0.00409490387149466
3,-0.0029963823617436,3,0.0255599152296782
3,0.00951850134879351,2,-0.00532666205738982
3,0.0140451329061761,3,0.0292991120368242
3,-0.00242986514543494,3,0.0038533314752082
2,0.0055621899664402,2,0.0059985636738323
4,-0.00995845200183491,3,0.0124387169877688
2,0.018099940692385,2,-0.0115474223469694
3,0.00640189453649024,3,0.00105883433328321
2,0.0110415324258308,1,0.000160555937327445
3,0.00487494825695952,4,-0.0067294208953778
3,0.00187114692137887,2,0.00778721560103198
4,-0.00635587121360004,3,0.00338122729832927
3,0.00886361169007917,4,0.00940445084900906
1,0.0180706201742093,4,-0.0257911222676436
2,-0.00665071563950429,3,0.00111416766109566
4,-0.00136090271795789,1,0.0046932448943456
4,0.00750244533022245,1,-0.0140320435166359
2,0.00849890208337456,1,-0.00748815185700854
1,-0.00168742394695679,3,0.0100259418444087
3,0.0270464885979891,4,0.00699987650538484
4,-0.00242012219193081,1,0.00642562244623453
1,0.000671829329803586,4,-0.0028033716759334
4,-0.000515507902794828,4,0.00936350358339647
4,0.0012593644454076,3,-0.00775504096721609
3,0.0048938855373611,3,0.000333140041523923
2,0.00482119720739623,2,0.00202096350646267
4,0.00808644372348984,4,-0.0268490860859553
4,-0.00636793362597624,1,0.00608451928322514
4,-0.0105781195840488,2,0.00370511660973231
3,0.0255700840304295,3,0.00329510929683844
3,0.00481596008952086,2,-0.00817909634982546
3,-0.00141261607253303,4,0.00295923609519377
3,-0.00247789236406485,2,0.00645817350596189
1,-0.00315534383601819,3,0.00918059854302555
2,-0.0146906950200597,2,-0.00940997789924343
2,-0.00393159268423915,4,-0.00562598200728341
2,0.0024879186724623,4,-0.0078992967804273
3,0.00317382626235485,2,-0.00921231523777048
4,0.00682517218713959,2,0.000783298319826523
4,0.0136559534197052,4,-0.000589891259248058
3,-0.00695548866254588,1,0.00702310229341189
4,0.00969921036933859,1,-0.0234017428010702
2,0.00806654927631219,4,-0.0364912543445826
2,0.0019703990741012,1,0.0120682315900922
2,-0.0179627935091654,3,-0.0117882303893566
3,0.00322847890978058,1,0.0212717425699035
4,-0.00816305866464972,2,0.0167885379244884
2,-0.0105896620079875,1,0.00928076822310686
3,0.0101658829177419,4,0.00213907177870472
1,0.0126531117906173,3,0.0110005541937426
4,-0.0126772156606118,4,0.000192708524991758
1,-0.000787774566560984,4,1.3604915390412e-05
1,-0.00628405813282977,1,-0.0335025967409213
1,0.00509964721277356,3,-0.0181860150769353
4,-0.0125020276755095,1,-0.00378426443785429
4,0.00648278657657405,3,0.00332671217620373
1,0.00220194008822242,2,-0.013499387850364
2,0.00442259952736398,3,-0.00177389515253405
1,0.0120708628868063,2,0.000588023103773594
4,0.0121135469526052,3,-0.00982806583245595
1,-0.0118028655803452,3,0.0155661257740576
2,-0.000899005099199712,1,0.00280444300733507
1,0.0107851310943564,1,-0.0108078612635533
2,-0.0112815039077153,1,-0.00254841183777899
4,0.0103276815498248,1,-0.0125533152992527
2,-0.0073534253363808,3,0.00413969717919827
3,-0.010146822159489,3,-0.000308061018586159
3,0.010701887057318,3,-0.00803664093837142
3,0.00400250288657844,1,0.00833696778863668
4,0.00502134653894852,3,0.00709150731563568
1,0.0209806421771646,1,0.00867247333129247
4,0.00468389053518573,3,0.00933334479729334
1,-0.00157408372615464,1,-0.00776956835761666
4,0.0105488930518428,2,-0.00495303821905206
2,0.00790394202340394,3,0.0262789949774742
1,0.00355002035697301,3,0.000556114867019157
1,-0.000608677005705734,2,0.0108734209400912
1,-0.0113109011823932,1,-0.00887062594604989
2,0.0020203252012531,1,0.00905919381572554
3,0.0102629908360541,4,-0.000215820192048947
4,0.00580923282783867,4,0.0575420086582502
4,0.0015677559034278,2,0.00436555773679477
4,0.00045617277889202,4,0.00266667610655228
2,0.00725060841068625,1,-0.00419671926647425
4,0.00453816711281737,3,0.00238294317387044
1,-0.00640152451038982,2,0.00308441479379932
2,0.0049269072090586,4,-0.00258793526639541
2,0.00426780801111211,4,-0.00773698223444323
3,-0.00188043690286577,1,-0.0153203681111336
3,0.00448233836020033,2,0.0124382811094013
3,-0.0133555171390375,3,-0.0237395688891411
4,0.00926775531843305,3,0.0104925433794657
3,-0.018461868322144,1,-8.84714536368847e-05
3,-0.012214343684415,2,0.000872391314866642
4,0.00848722861458858,4,0.0050557100524505
1,0.00227821641601622,2,0.00216323563169378
1,-0.00190946044070491,4,-0.0117664015851915
4,0.00169763248413801,2,0.0020484235137701
2,0.0160220808659991,1,-0.00600349274463952
2,0.00455552027172719,4,-0.0200954613586267
4,0.0023581090887698,3,0.000301303048521125
2,0.0292016671349605,1,-0.0107509223744273
3,-0.00501449410027514,3,0.00408854490766923
3,0.00463975733146071,2,0.0305754318833351
1,0.00524578817809622,4,0.0133907570658873
3,-0.00121555291116238,2,0.012700733418266
4,-0.0156781414989382,1,0.00546060890580217
1,-0.00543799577280879,3,-0.0050688578436772
1,0.000105403363704681,3,0.00930607509023199
3,-0.0283322874456644,1,-0.0204093962286909
1,0.00104699159661929,2,0.0121887261047959
4,-0.00632219078640143,2,-0.00292518003455674
2,-0.0027149443825086,1,-0.00290915249691655
2,0.00282159416625897,2,0.0057915358338505
3,0.00238296886285146,4,0.00743510651712616
4,0.019336153442661,3,-0.00287331705233858
2,-0.0108522687417765,4,0.0148580676565568
1,0.00341580435633659,1,0.00385965251674255
4,0.00860101500196227,4,0.0111254499449084
2,-0.0139078895250956,1,-0.0027623800560832
2,-0.03626649081707,2,-0.0122546100174077
1,-0.00435231827820341,1,0.00218981333697836
4,-0.0063279679355522,3,-0.0102199424679081
3,-0.00544738785053293,1,-0.0198885990927617
4,-0.0180130663017432,1,-0.0120581265849372
1,-0.0158745857576529,4,-0.00994038706024488
2,0.0114264576695859,1,0.0132258702069521
3,-0.00675540991748373,2,-0.00736188797357803
2,-0.0230310975263516,1,0.0128966579989841
1,0.0256648231297731,1,-0.00464652975400289
3,-0.00130944091749067,3,-0.016947865486145
4,0.00831873218218485,3,0.014906073299547
4,-0.00592756480909884,4,0.00219810585864858
4,-0.00568332554151614,3,4.15676428625981e-05
2,-0.00622635777108371,3,0.0122385341674089
2,-0.000571899387675027,4,0.00521795013143371
2,-0.00205765043695768,4,-0.00466611282899976
4,-0.0050131034416457,3,-0.00331583773368038
1,0.00103114110728105,1,-0.0137740100423495
4,-0.000295935043444236,4,0.00292559208658834
2,0.00774026739721497,4,0.00383230298757553
3,0.00360077522539844,2,0.000770966832836469
3,-0.0119777340441942,3,-0.00221300055030345
